<?xml version = '1.0' encoding = 'UTF-8'?>
<Entity class="oracle.dbtools.crest.model.design.logical.Entity" directorySegmentName="seg_0" id="446E3A47-1245-0F19-C40D-964601A4C281" name="T_AM_FONE_PESSOA">
<createdBy>rm76989</createdBy>
<createdTime>2016-08-19 11:39:40 UTC</createdTime>
<ownerDesignName>Nac Rita</ownerDesignName>
<engineerTo>
<item key="2BA00AA8-3B4C-8EB7-7CF1-E615AAA199F7" value="true"/>
</engineerTo>
<adequatelyNormalized>NO</adequatelyNormalized>
<expectedVolumes>0</expectedVolumes>
<fwdEngineeringStrategyName>Single Table</fwdEngineeringStrategyName>
<growthPercent>0</growthPercent>
<growthType>Year</growthType>
<maxVolumes>9999999</maxVolumes>
<minVolumes>0</minVolumes>
<normalForm>Third</normalForm>
<attributes itemClass="oracle.dbtools.crest.model.design.logical.Attribute">
<Attribute name="cd_pessoa" id="A7DBEA46-9769-E26A-2CFD-6B0ABE7AE922">
<createdBy>rm76989</createdBy>
<createdTime>2016-08-19 11:44:42 UTC</createdTime>
<generatorID>E482ED2B-A20E-AA8F-52D2-2D7EBC4242E9</generatorID>
<ownerDesignName>Nac Rita</ownerDesignName>
<engineerTo>
<item key="2BA00AA8-3B4C-8EB7-7CF1-E615AAA199F7" value="true"/>
</engineerTo>
<referedAttribute>A057D297-242A-79B4-D95A-E3B6AAA6FAC3</referedAttribute>
<useDomainConstraints>false</useDomainConstraints>
<use>1</use>
<logicalDatatype>LOGDT019</logicalDatatype>
<dataTypePrecision>8</dataTypePrecision>
<ownDataTypeParameters>,,</ownDataTypeParameters>
</Attribute>
<Attribute name="cd_fone" id="B92E968E-632F-16B8-7ECA-BDDE2135A025">
<createdBy>rm76989</createdBy>
<createdTime>2016-08-19 12:07:04 UTC</createdTime>
<generatorID>F8AD76D9-DC43-85B5-2EE4-00DAB0F12FD9</generatorID>
<ownerDesignName>Nac Rita</ownerDesignName>
<engineerTo>
<item key="2BA00AA8-3B4C-8EB7-7CF1-E615AAA199F7" value="true"/>
</engineerTo>
<referedAttribute>3CADC407-5869-0527-5D72-3571D8E2F7A2</referedAttribute>
<use>1</use>
<logicalDatatype>LOGDT019</logicalDatatype>
<dataTypePrecision>8</dataTypePrecision>
<ownDataTypeParameters>,,</ownDataTypeParameters>
</Attribute>
<Attribute name="nr_ramal" id="4A8D1E92-2761-94D3-0369-88CE105F4780">
<createdBy>rm76989</createdBy>
<createdTime>2016-08-19 11:40:00 UTC</createdTime>
<ownerDesignName>Nac Rita</ownerDesignName>
<engineerTo>
<item key="2BA00AA8-3B4C-8EB7-7CF1-E615AAA199F7" value="true"/>
</engineerTo>
<nullsAllowed>true</nullsAllowed>
<useDomainConstraints>false</useDomainConstraints>
<use>1</use>
<logicalDatatype>LOGDT019</logicalDatatype>
<dataTypePrecision>4</dataTypePrecision>
<ownDataTypeParameters>,4,</ownDataTypeParameters>
</Attribute>
</attributes>
<identifiers itemClass="oracle.dbtools.crest.model.design.logical.CandidateKey">
<identifier id="A99C727D-2B19-1E55-CBEB-4FD6D2DC1065" name="T_AM_FONE_PESSOA PK">
<createdBy>rm76989</createdBy>
<createdTime>2016-08-19 11:44:42 UTC</createdTime>
<ownerDesignName>Nac Rita</ownerDesignName>
<engineerTo>
<item key="2BA00AA8-3B4C-8EB7-7CF1-E615AAA199F7" value="true"/>
</engineerTo>
<pk>true</pk>
<usedAttributes>
<attributeRef>A7DBEA46-9769-E26A-2CFD-6B0ABE7AE922</attributeRef>
<attributeRef>B92E968E-632F-16B8-7ECA-BDDE2135A025</attributeRef>
</usedAttributes>
</identifier>
</identifiers>
</Entity>