<?xml version = '1.0' encoding = 'UTF-8'?>
<Entity class="oracle.dbtools.crest.model.design.logical.Entity" directorySegmentName="seg_0" id="B3715BE1-F62F-A1D2-FBA5-EDB136DAA78E" name="T_AM_ADVOGADO">
<createdBy>rm76989</createdBy>
<createdTime>2016-05-03 11:05:56 UTC</createdTime>
<ownerDesignName>Nac Rita</ownerDesignName>
<engineerTo>
<item key="2BA00AA8-3B4C-8EB7-7CF1-E615AAA199F7" value="true"/>
</engineerTo>
<adequatelyNormalized>NO</adequatelyNormalized>
<expectedVolumes>0</expectedVolumes>
<fwdEngineeringStrategyName>Single Table</fwdEngineeringStrategyName>
<growthPercent>0</growthPercent>
<growthType>Year</growthType>
<maxVolumes>9999999</maxVolumes>
<minVolumes>0</minVolumes>
<normalForm>Third</normalForm>
<attributes itemClass="oracle.dbtools.crest.model.design.logical.Attribute">
<Attribute name="cd_pessoa" id="1BEF0218-7797-8F7C-76D1-538EF0671789">
<createdBy>rm76989</createdBy>
<createdTime>2016-08-19 10:48:40 UTC</createdTime>
<generatorID>24DD5DA3-DB80-F4EE-589C-8E9355CC35D6</generatorID>
<ownerDesignName>Nac Rita</ownerDesignName>
<engineerTo>
<item key="2BA00AA8-3B4C-8EB7-7CF1-E615AAA199F7" value="true"/>
</engineerTo>
<referedAttribute>A057D297-242A-79B4-D95A-E3B6AAA6FAC3</referedAttribute>
<useDomainConstraints>false</useDomainConstraints>
<use>1</use>
<logicalDatatype>LOGDT019</logicalDatatype>
<dataTypePrecision>8</dataTypePrecision>
<ownDataTypeParameters>,,</ownDataTypeParameters>
</Attribute>
<Attribute name="nr_oab" id="52DAABD0-98D5-B86C-5ED9-286A6323DF4D">
<createdBy>rm76989</createdBy>
<createdTime>2016-05-03 11:06:57 UTC</createdTime>
<ownerDesignName>Nac Rita</ownerDesignName>
<engineerTo>
<item key="2BA00AA8-3B4C-8EB7-7CF1-E615AAA199F7" value="true"/>
</engineerTo>
<useDomainConstraints>false</useDomainConstraints>
<use>1</use>
<logicalDatatype>LOGDT019</logicalDatatype>
<dataTypePrecision>8</dataTypePrecision>
<ownDataTypeParameters>,8,</ownDataTypeParameters>
</Attribute>
<Attribute name="nr_cpf" id="996C6C9A-BD2E-E965-81DF-5AF1F746D7B1">
<createdBy>rm76989</createdBy>
<createdTime>2016-05-03 11:07:04 UTC</createdTime>
<ownerDesignName>Nac Rita</ownerDesignName>
<engineerTo>
<item key="2BA00AA8-3B4C-8EB7-7CF1-E615AAA199F7" value="true"/>
</engineerTo>
<useDomainConstraints>false</useDomainConstraints>
<use>1</use>
<logicalDatatype>LOGDT019</logicalDatatype>
<dataTypePrecision>11</dataTypePrecision>
<ownDataTypeParameters>,11,</ownDataTypeParameters>
</Attribute>
<Attribute name="nr_rg" id="3FB7328F-E5E1-45CF-7458-982572DFDCE5">
<createdBy>rm76989</createdBy>
<createdTime>2016-05-03 11:07:56 UTC</createdTime>
<ownerDesignName>Nac Rita</ownerDesignName>
<engineerTo>
<item key="2BA00AA8-3B4C-8EB7-7CF1-E615AAA199F7" value="true"/>
</engineerTo>
<useDomainConstraints>false</useDomainConstraints>
<use>1</use>
<logicalDatatype>LOGDT025</logicalDatatype>
<dataTypeSize>10</dataTypeSize>
<ownDataTypeParameters>10,,</ownDataTypeParameters>
</Attribute>
<Attribute name="ds_email" id="5B7BA921-91E7-8142-3CB4-4AE1983E9B6C">
<createdBy>rm76989</createdBy>
<createdTime>2016-05-03 11:08:03 UTC</createdTime>
<ownerDesignName>Nac Rita</ownerDesignName>
<engineerTo>
<item key="2BA00AA8-3B4C-8EB7-7CF1-E615AAA199F7" value="true"/>
</engineerTo>
<useDomainConstraints>false</useDomainConstraints>
<use>1</use>
<logicalDatatype>LOGDT024</logicalDatatype>
<dataTypeSize>128</dataTypeSize>
<ownDataTypeParameters>128,,</ownDataTypeParameters>
</Attribute>
<Attribute name="ds_password" id="A310EBEA-24FA-60CF-169F-6078A7BA3505">
<createdBy>rm76989</createdBy>
<createdTime>2016-05-03 11:08:29 UTC</createdTime>
<ownerDesignName>Nac Rita</ownerDesignName>
<engineerTo>
<item key="2BA00AA8-3B4C-8EB7-7CF1-E615AAA199F7" value="true"/>
</engineerTo>
<nullsAllowed>true</nullsAllowed>
<useDomainConstraints>false</useDomainConstraints>
<use>1</use>
<logicalDatatype>LOGDT024</logicalDatatype>
<dataTypeSize>40</dataTypeSize>
<ownDataTypeParameters>40,,</ownDataTypeParameters>
</Attribute>
</attributes>
<identifiers itemClass="oracle.dbtools.crest.model.design.logical.CandidateKey">
<identifier id="B993CA01-065D-3167-9BDF-428B1E86537B" name="T_ADVOGADO PK">
<createdBy>rm76989</createdBy>
<createdTime>2016-05-03 11:06:47 UTC</createdTime>
<ownerDesignName>Nac Rita</ownerDesignName>
<engineerTo>
<item key="2BA00AA8-3B4C-8EB7-7CF1-E615AAA199F7" value="true"/>
</engineerTo>
<pk>true</pk>
<usedAttributes>
<attributeRef>1BEF0218-7797-8F7C-76D1-538EF0671789</attributeRef>
</usedAttributes>
</identifier>
</identifiers>
</Entity>