<?xml version = '1.0' encoding = 'UTF-8'?>
<Entity class="oracle.dbtools.crest.model.design.logical.Entity" directorySegmentName="seg_0" id="FCB32049-40B7-2289-9052-4A420BBBAA78" name="T_AM_BAIRRO">
<createdBy>rm76983</createdBy>
<createdTime>2016-05-03 12:17:42 UTC</createdTime>
<ownerDesignName>Nac Rita</ownerDesignName>
<engineerTo>
<item key="2BA00AA8-3B4C-8EB7-7CF1-E615AAA199F7" value="true"/>
</engineerTo>
<adequatelyNormalized>NO</adequatelyNormalized>
<expectedVolumes>0</expectedVolumes>
<fwdEngineeringStrategyName>Single Table</fwdEngineeringStrategyName>
<growthPercent>0</growthPercent>
<growthType>Year</growthType>
<maxVolumes>9999999</maxVolumes>
<minVolumes>0</minVolumes>
<normalForm>Third</normalForm>
<attributes itemClass="oracle.dbtools.crest.model.design.logical.Attribute">
<Attribute name="cd_bairro" id="513EE79C-E926-0D71-21DE-6ECF16410F0B">
<createdBy>rm76983</createdBy>
<createdTime>2016-05-03 12:17:58 UTC</createdTime>
<ownerDesignName>Nac Rita</ownerDesignName>
<engineerTo>
<item key="2BA00AA8-3B4C-8EB7-7CF1-E615AAA199F7" value="true"/>
</engineerTo>
<useDomainConstraints>false</useDomainConstraints>
<use>1</use>
<logicalDatatype>LOGDT019</logicalDatatype>
<dataTypePrecision>6</dataTypePrecision>
<ownDataTypeParameters>,6,</ownDataTypeParameters>
</Attribute>
<Attribute name="cd_cidade" id="D540F145-5438-E35B-E51D-595472120FCD">
<createdBy>rm76989</createdBy>
<createdTime>2016-08-19 12:15:40 UTC</createdTime>
<generatorID>B43032DD-CD3B-211C-EEBE-CAABC0A31B95</generatorID>
<ownerDesignName>Nac Rita</ownerDesignName>
<engineerTo>
<item key="2BA00AA8-3B4C-8EB7-7CF1-E615AAA199F7" value="true"/>
</engineerTo>
<referedAttribute>38704C74-8C39-1F00-B1B1-0FCC32999CCE</referedAttribute>
<use>1</use>
<logicalDatatype>LOGDT019</logicalDatatype>
<dataTypePrecision>4</dataTypePrecision>
<ownDataTypeParameters>,,</ownDataTypeParameters>
</Attribute>
<Attribute name="nm_bairro" id="96CBF9AD-55D1-10DA-BDAD-D0BC16811D7A">
<createdBy>rm76983</createdBy>
<createdTime>2016-05-03 12:18:06 UTC</createdTime>
<ownerDesignName>Nac Rita</ownerDesignName>
<engineerTo>
<item key="2BA00AA8-3B4C-8EB7-7CF1-E615AAA199F7" value="true"/>
</engineerTo>
<useDomainConstraints>false</useDomainConstraints>
<use>1</use>
<logicalDatatype>LOGDT024</logicalDatatype>
<dataTypeSize>20</dataTypeSize>
<ownDataTypeParameters>20,,</ownDataTypeParameters>
</Attribute>
</attributes>
<identifiers itemClass="oracle.dbtools.crest.model.design.logical.CandidateKey">
<identifier id="827F140D-5CFC-CE4F-B18C-6E9EFC5E7FA6" name="T_CPCDH_BAIRRO PK">
<createdBy>rm76983</createdBy>
<createdTime>2016-05-03 12:18:04 UTC</createdTime>
<ownerDesignName>Nac Rita</ownerDesignName>
<engineerTo>
<item key="2BA00AA8-3B4C-8EB7-7CF1-E615AAA199F7" value="true"/>
</engineerTo>
<pk>true</pk>
<usedAttributes>
<attributeRef>513EE79C-E926-0D71-21DE-6ECF16410F0B</attributeRef>
</usedAttributes>
</identifier>
</identifiers>
</Entity>