<?xml version = '1.0' encoding = 'UTF-8'?>
<Relation class="oracle.dbtools.crest.model.design.logical.Relation" name="realizarv2" directorySegmentName="seg_0" id="6509E8EC-8B38-2E09-CF16-D3C92A475B6B">
<createdBy>rm76989</createdBy>
<createdTime>2016-08-19 11:06:47 UTC</createdTime>
<ownerDesignName>Nac Rita</ownerDesignName>
<engineerTo>
<item key="2BA00AA8-3B4C-8EB7-7CF1-E615AAA199F7" value="true"/>
</engineerTo>
<sourcePk>3E25F205-5621-8CDB-C877-8D4994167ED2</sourcePk>
<identifying>false</identifying>
<optionalSource>true</optionalSource>
<optionalTarget>false</optionalTarget>
<sourceCardinality>1</sourceCardinality>
<sourceEntity>6A960E2C-43CF-E81B-F063-AED87978B641</sourceEntity>
<targetCardinalityString>*</targetCardinalityString>
<targetEntity>B131610A-EB6C-6695-8F8F-F6D2176E2EE9</targetEntity>
<transferable>true</transferable>
<deleteRule>NO ACTION</deleteRule>
</Relation>