<?xml version = '1.0' encoding = 'UTF-8'?>
<Relation class="oracle.dbtools.crest.model.design.logical.Relation" name="pertencerv2" directorySegmentName="seg_0" id="69815501-A978-2994-42CA-92B4AE0481E6">
<createdBy>rm76989</createdBy>
<createdTime>2016-08-19 10:36:31 UTC</createdTime>
<ownerDesignName>Nac Rita</ownerDesignName>
<engineerTo>
<item key="2BA00AA8-3B4C-8EB7-7CF1-E615AAA199F7" value="true"/>
</engineerTo>
<sourcePk>8D4E5600-3202-D065-2252-5FD42655F686</sourcePk>
<identifying>false</identifying>
<optionalSource>true</optionalSource>
<optionalTarget>false</optionalTarget>
<sourceCardinality>1</sourceCardinality>
<sourceEntity>10FA6AA7-A1E1-128D-CE45-64B0754506EB</sourceEntity>
<targetCardinalityString>*</targetCardinalityString>
<targetEntity>1AE8D4B5-2CC7-CD67-BDA5-6D65271A1930</targetEntity>
<transferable>true</transferable>
<deleteRule>NO ACTION</deleteRule>
</Relation>