<?xml version = '1.0' encoding = 'UTF-8'?>
<Relation class="oracle.dbtools.crest.model.design.logical.Relation" name="ter" directorySegmentName="seg_0" id="8039FB5F-AC38-069B-C33F-4685DF2738FF">
<createdBy>rm76989</createdBy>
<createdTime>2016-08-19 12:10:56 UTC</createdTime>
<ownerDesignName>Nac Rita</ownerDesignName>
<engineerTo>
<item key="2BA00AA8-3B4C-8EB7-7CF1-E615AAA199F7" value="true"/>
</engineerTo>
<sourcePk>1469635B-5A5F-5CB0-EF17-44D0FFAD5F34</sourcePk>
<identifying>false</identifying>
<optionalSource>true</optionalSource>
<optionalTarget>false</optionalTarget>
<sourceCardinality>1</sourceCardinality>
<sourceEntity>B33F5654-8FAE-5496-8383-8561C3CEE7EF</sourceEntity>
<targetCardinalityString>*</targetCardinalityString>
<targetEntity>30A39D32-35D4-8D2E-1835-9598E311C4C5</targetEntity>
<transferable>true</transferable>
<deleteRule>NO ACTION</deleteRule>
</Relation>