<?xml version = '1.0' encoding = 'UTF-8'?>
<Relation class="oracle.dbtools.crest.model.design.logical.Relation" name="realizarv3" directorySegmentName="seg_0" id="FB021FE1-AA50-C682-6CF3-71B5CA952268">
<createdBy>rm76989</createdBy>
<createdTime>2016-08-19 11:33:55 UTC</createdTime>
<ownerDesignName>Nac Rita</ownerDesignName>
<engineerTo>
<item key="2BA00AA8-3B4C-8EB7-7CF1-E615AAA199F7" value="true"/>
</engineerTo>
<sourcePk>CE4608C2-5F74-9AB4-F2B3-4B6A03FC4018</sourcePk>
<identifying>true</identifying>
<optionalSource>true</optionalSource>
<optionalTarget>false</optionalTarget>
<sourceCardinality>1</sourceCardinality>
<sourceEntity>B131610A-EB6C-6695-8F8F-F6D2176E2EE9</sourceEntity>
<targetCardinalityString>*</targetCardinalityString>
<targetEntity>C7CBE7BA-FBF5-A494-B543-9ABD7FBEE7FD</targetEntity>
<transferable>true</transferable>
<deleteRule>NO ACTION</deleteRule>
</Relation>