<?xml version = '1.0' encoding = 'UTF-8'?>
<Arc class="oracle.dbtools.crest.model.design.logical.Arc" directorySegmentName="seg_0" id="7FFF399A-4F11-E1D5-DA65-80E47DC20F26" name="Arc_3">
<createdBy>rm76989</createdBy>
<createdTime>2016-08-19 10:49:04 UTC</createdTime>
<ownerDesignName>Nac Rita</ownerDesignName>
<engineerTo>
<item key="2BA00AA8-3B4C-8EB7-7CF1-E615AAA199F7" value="true"/>
</engineerTo>
<entity>B33F5654-8FAE-5496-8383-8561C3CEE7EF</entity>
<relations>
<relationID>2F520FCF-ADAE-9A7C-41BD-D5301005F0BB</relationID>
<relationID>24DD5DA3-DB80-F4EE-589C-8E9355CC35D6</relationID>
<relationID>E3A6C61A-E10C-B46B-5359-3C08396A364F</relationID>
</relations>
</Arc>