<?xml version = '1.0' encoding = 'UTF-8'?>
<FKIndexAssociation class="oracle.dbtools.crest.model.design.relational.FKIndexAssociation" directorySegmentName="seg_0" id="1B273B3C-1035-AE81-033E-748BDADA8315" containerWithKeyObject="B7945A60-4DF6-D66C-5A00-6B04BC707E2F" localFKIndex="D9A1BB67-7197-D46E-53B3-0A9D365B0E93" name="FK_AM_ART_PESSOA_ADV">
<createdBy>rm76989</createdBy>
<createdTime>2016-09-01 10:03:43 UTC</createdTime>
<generatorID>24DD5DA3-DB80-F4EE-589C-8E9355CC35D6</generatorID>
<ownerDesignName>Nac Rita</ownerDesignName>
<arc>B71827A1-12FC-EBAA-7AC2-507F35763A9B</arc>
<deleteRule>NO ACTION</deleteRule>
<referredTableID>9C04CA07-FCDC-E748-8412-3C35D1089F60</referredTableID>
<keyObject>90E21D3A-2398-B0D3-0EE0-A9AC9C67218C</keyObject>
<referredKeyID>90E21D3A-2398-B0D3-0EE0-A9AC9C67218C</referredKeyID>
<mandatory>true</mandatory>
<transferable>true</transferable>
<rely>false</rely>
<columnDependencyConstraintGenerateInDDL>true</columnDependencyConstraintGenerateInDDL>
</FKIndexAssociation>