<?xml version = '1.0' encoding = 'UTF-8'?>
<FKIndexAssociation class="oracle.dbtools.crest.model.design.relational.FKIndexAssociation" directorySegmentName="seg_0" id="755A0D2F-A232-4E6E-5F17-A6161074AB09" containerWithKeyObject="72482280-2638-6FE8-30DE-09A3ABE324A6" localFKIndex="D8E586CE-6CEC-7C59-CF61-16167301C179" name="FK_AM_ART_PROC_DESP">
<createdBy>rm76989</createdBy>
<createdTime>2016-09-01 10:03:43 UTC</createdTime>
<generatorID>6621A739-4E52-1939-1A0C-4E5E2F851134</generatorID>
<ownerDesignName>Nac Rita</ownerDesignName>
<deleteRule>NO ACTION</deleteRule>
<referredTableID>E8218008-D9B9-C456-42D7-4C6F95E09855</referredTableID>
<keyObject>9EE7AB11-EEC4-0CA0-461E-16A05019F2AB</keyObject>
<referredKeyID>9EE7AB11-EEC4-0CA0-461E-16A05019F2AB</referredKeyID>
<mandatory>true</mandatory>
<transferable>true</transferable>
<rely>false</rely>
<columnDependencyConstraintGenerateInDDL>true</columnDependencyConstraintGenerateInDDL>
</FKIndexAssociation>