<?xml version = '1.0' encoding = 'UTF-8'?>
<Entity class="oracle.dbtools.crest.model.design.logical.Entity" directorySegmentName="seg_0" id="24F06595-ACD8-246B-BBEE-3425E56D4F46" name="T_AM_LANCA_DESPESA">
<createdBy>rm76983</createdBy>
<createdTime>2016-05-03 11:52:42 UTC</createdTime>
<ownerDesignName>Nac Rita</ownerDesignName>
<engineerTo>
<item key="2BA00AA8-3B4C-8EB7-7CF1-E615AAA199F7" value="true"/>
</engineerTo>
<adequatelyNormalized>NO</adequatelyNormalized>
<expectedVolumes>0</expectedVolumes>
<fwdEngineeringStrategyName>Single Table</fwdEngineeringStrategyName>
<growthPercent>0</growthPercent>
<growthType>Year</growthType>
<maxVolumes>9999999</maxVolumes>
<minVolumes>0</minVolumes>
<normalForm>Third</normalForm>
<attributes itemClass="oracle.dbtools.crest.model.design.logical.Attribute">
<Attribute name="cd_lancamento" id="59325D1F-8EF5-8BE3-B97C-04D86CBFE838">
<createdBy>rm76983</createdBy>
<createdTime>2016-05-03 11:52:58 UTC</createdTime>
<ownerDesignName>Nac Rita</ownerDesignName>
<engineerTo>
<item key="2BA00AA8-3B4C-8EB7-7CF1-E615AAA199F7" value="true"/>
</engineerTo>
<useDomainConstraints>false</useDomainConstraints>
<use>1</use>
<logicalDatatype>LOGDT019</logicalDatatype>
<dataTypePrecision>10</dataTypePrecision>
<ownDataTypeParameters>,10,</ownDataTypeParameters>
</Attribute>
<Attribute name="cd_tipo_despesa" id="DEDF6FC4-B082-7293-C6A0-1625A5F1C0FA">
<createdBy>rm76989</createdBy>
<createdTime>2016-08-19 10:30:18 UTC</createdTime>
<generatorID>182F9C9D-DA5B-8FB6-CE45-58FBE986B728</generatorID>
<ownerDesignName>Nac Rita</ownerDesignName>
<engineerTo>
<item key="2BA00AA8-3B4C-8EB7-7CF1-E615AAA199F7" value="true"/>
</engineerTo>
<referedAttribute>8E032DA5-C2FD-C7DA-D4DB-5DB4AED35E82</referedAttribute>
<use>1</use>
<logicalDatatype>LOGDT019</logicalDatatype>
<dataTypePrecision>5</dataTypePrecision>
<ownDataTypeParameters>,,</ownDataTypeParameters>
</Attribute>
<Attribute name="nr_processo" id="D2D8EE4A-ACC2-E4C3-E225-033B7B64E235">
<createdBy>rm76989</createdBy>
<createdTime>2016-08-19 10:28:48 UTC</createdTime>
<generatorID>6621A739-4E52-1939-1A0C-4E5E2F851134</generatorID>
<ownerDesignName>Nac Rita</ownerDesignName>
<engineerTo>
<item key="2BA00AA8-3B4C-8EB7-7CF1-E615AAA199F7" value="true"/>
</engineerTo>
<referedAttribute>F0781642-1BD7-DB79-331E-C2EE28220342</referedAttribute>
<use>1</use>
<logicalDatatype>LOGDT019</logicalDatatype>
<dataTypePrecision>10</dataTypePrecision>
<ownDataTypeParameters>,,</ownDataTypeParameters>
</Attribute>
<Attribute name="dt_despesa" id="23BFB9C3-4091-02E9-0F66-C403C2B2933D">
<createdBy>rm76983</createdBy>
<createdTime>2016-05-03 11:53:13 UTC</createdTime>
<ownerDesignName>Nac Rita</ownerDesignName>
<engineerTo>
<item key="2BA00AA8-3B4C-8EB7-7CF1-E615AAA199F7" value="true"/>
</engineerTo>
<useDomainConstraints>false</useDomainConstraints>
<use>1</use>
<logicalDatatype>LOGDT007</logicalDatatype>
<ownDataTypeParameters>,,</ownDataTypeParameters>
</Attribute>
<Attribute name="vl_despesa" id="69FE40DC-0C9C-167F-A83A-5CD94A11AC86">
<createdBy>rm76983</createdBy>
<createdTime>2016-05-03 11:53:22 UTC</createdTime>
<ownerDesignName>Nac Rita</ownerDesignName>
<engineerTo>
<item key="2BA00AA8-3B4C-8EB7-7CF1-E615AAA199F7" value="true"/>
</engineerTo>
<useDomainConstraints>false</useDomainConstraints>
<use>1</use>
<logicalDatatype>LOGDT019</logicalDatatype>
<dataTypePrecision>8</dataTypePrecision>
<dataTypeScale>2</dataTypeScale>
<ownDataTypeParameters>,8,2</ownDataTypeParameters>
</Attribute>
<Attribute name="ds_observacao" id="AFC8F496-B0EF-7BA1-7201-28F55581A073">
<createdBy>rm76983</createdBy>
<createdTime>2016-05-03 11:53:31 UTC</createdTime>
<ownerDesignName>Nac Rita</ownerDesignName>
<engineerTo>
<item key="2BA00AA8-3B4C-8EB7-7CF1-E615AAA199F7" value="true"/>
</engineerTo>
<nullsAllowed>true</nullsAllowed>
<useDomainConstraints>false</useDomainConstraints>
<use>1</use>
<logicalDatatype>LOGDT024</logicalDatatype>
<dataTypeSize>256</dataTypeSize>
<ownDataTypeParameters>256,,</ownDataTypeParameters>
</Attribute>
</attributes>
<identifiers itemClass="oracle.dbtools.crest.model.design.logical.CandidateKey">
<identifier id="DB0C6837-1B7E-79C5-325D-061D92FB3FB1" name="T_CPCDH_LANCAMENTO_DESPESA PK">
<createdBy>rm76983</createdBy>
<createdTime>2016-05-03 11:53:12 UTC</createdTime>
<ownerDesignName>Nac Rita</ownerDesignName>
<engineerTo>
<item key="2BA00AA8-3B4C-8EB7-7CF1-E615AAA199F7" value="true"/>
</engineerTo>
<pk>true</pk>
<usedAttributes>
<attributeRef>59325D1F-8EF5-8BE3-B97C-04D86CBFE838</attributeRef>
</usedAttributes>
</identifier>
</identifiers>
</Entity>