<?xml version = '1.0' encoding = 'UTF-8'?>
<Entity class="oracle.dbtools.crest.model.design.logical.Entity" directorySegmentName="seg_0" id="30A39D32-35D4-8D2E-1835-9598E311C4C5" name="T_AM_PESSOA_ENDE">
<createdBy>rm76989</createdBy>
<createdTime>2016-08-19 12:09:41 UTC</createdTime>
<ownerDesignName>Nac Rita</ownerDesignName>
<engineerTo>
<item key="2BA00AA8-3B4C-8EB7-7CF1-E615AAA199F7" value="true"/>
</engineerTo>
<adequatelyNormalized>NO</adequatelyNormalized>
<expectedVolumes>0</expectedVolumes>
<fwdEngineeringStrategyName>Single Table</fwdEngineeringStrategyName>
<growthPercent>0</growthPercent>
<growthType>Year</growthType>
<maxVolumes>9999999</maxVolumes>
<minVolumes>0</minVolumes>
<normalForm>Third</normalForm>
<attributes itemClass="oracle.dbtools.crest.model.design.logical.Attribute">
<Attribute name="cd_pessoa_ende" id="ADB143B7-29E0-9E8E-0A0D-CB2CE5434AA7">
<createdBy>rm76989</createdBy>
<createdTime>2016-08-19 12:09:58 UTC</createdTime>
<ownerDesignName>Nac Rita</ownerDesignName>
<engineerTo>
<item key="2BA00AA8-3B4C-8EB7-7CF1-E615AAA199F7" value="true"/>
</engineerTo>
<useDomainConstraints>false</useDomainConstraints>
<use>1</use>
<logicalDatatype>LOGDT019</logicalDatatype>
<dataTypePrecision>10</dataTypePrecision>
<ownDataTypeParameters>,10,</ownDataTypeParameters>
</Attribute>
<Attribute name="nr_cep" id="7442235A-BB00-8366-C0E5-F4B846317345">
<createdBy>rm76989</createdBy>
<createdTime>2016-08-19 12:12:12 UTC</createdTime>
<generatorID>1F3E7309-C550-90EC-3FED-7C1A0B68D36E</generatorID>
<ownerDesignName>Nac Rita</ownerDesignName>
<engineerTo>
<item key="2BA00AA8-3B4C-8EB7-7CF1-E615AAA199F7" value="true"/>
</engineerTo>
<referedAttribute>7C7BA36B-2059-1885-5B4D-3A77FA756DAF</referedAttribute>
<use>1</use>
<logicalDatatype>LOGDT019</logicalDatatype>
<dataTypePrecision>8</dataTypePrecision>
<ownDataTypeParameters>,,</ownDataTypeParameters>
</Attribute>
<Attribute name="cd_pessoa" id="42ABE3F9-B95D-D796-0324-A64710975670">
<createdBy>rm76989</createdBy>
<createdTime>2016-08-19 12:10:56 UTC</createdTime>
<generatorID>8039FB5F-AC38-069B-C33F-4685DF2738FF</generatorID>
<ownerDesignName>Nac Rita</ownerDesignName>
<engineerTo>
<item key="2BA00AA8-3B4C-8EB7-7CF1-E615AAA199F7" value="true"/>
</engineerTo>
<referedAttribute>A057D297-242A-79B4-D95A-E3B6AAA6FAC3</referedAttribute>
<use>1</use>
<logicalDatatype>LOGDT019</logicalDatatype>
<dataTypePrecision>8</dataTypePrecision>
<ownDataTypeParameters>,,</ownDataTypeParameters>
</Attribute>
<Attribute name="nr_endereco" id="3E6D9290-5252-0DD1-CE27-A6269E2D1754">
<createdBy>rm76989</createdBy>
<createdTime>2016-08-19 12:10:12 UTC</createdTime>
<ownerDesignName>Nac Rita</ownerDesignName>
<engineerTo>
<item key="2BA00AA8-3B4C-8EB7-7CF1-E615AAA199F7" value="true"/>
</engineerTo>
<useDomainConstraints>false</useDomainConstraints>
<use>1</use>
<logicalDatatype>LOGDT019</logicalDatatype>
<dataTypePrecision>5</dataTypePrecision>
<ownDataTypeParameters>,5,</ownDataTypeParameters>
</Attribute>
<Attribute name="ds_complemento" id="2C178820-D000-7F08-B645-6C3F62E20E8F">
<createdBy>rm76989</createdBy>
<createdTime>2016-08-19 12:10:26 UTC</createdTime>
<ownerDesignName>Nac Rita</ownerDesignName>
<engineerTo>
<item key="2BA00AA8-3B4C-8EB7-7CF1-E615AAA199F7" value="true"/>
</engineerTo>
<nullsAllowed>true</nullsAllowed>
<useDomainConstraints>false</useDomainConstraints>
<use>1</use>
<logicalDatatype>LOGDT024</logicalDatatype>
<dataTypeSize>20</dataTypeSize>
<ownDataTypeParameters>20,,</ownDataTypeParameters>
</Attribute>
</attributes>
<identifiers itemClass="oracle.dbtools.crest.model.design.logical.CandidateKey">
<identifier id="B3528764-9A2F-67AA-128B-B608FA35D316" name="T_AM_PESSOA_ENDE PK">
<createdBy>rm76989</createdBy>
<createdTime>2016-08-19 12:10:06 UTC</createdTime>
<ownerDesignName>Nac Rita</ownerDesignName>
<engineerTo>
<item key="2BA00AA8-3B4C-8EB7-7CF1-E615AAA199F7" value="true"/>
</engineerTo>
<pk>true</pk>
<usedAttributes>
<attributeRef>ADB143B7-29E0-9E8E-0A0D-CB2CE5434AA7</attributeRef>
<attributeRef>7442235A-BB00-8366-C0E5-F4B846317345</attributeRef>
</usedAttributes>
</identifier>
</identifiers>
</Entity>