<?xml version = '1.0' encoding = 'UTF-8'?>
<Entity class="oracle.dbtools.crest.model.design.logical.Entity" directorySegmentName="seg_0" id="63DBF7E1-664B-45C3-44BB-DAC057AA081E" name="T_AM_HORA_ADVOGADO">
<createdBy>rm76983</createdBy>
<createdTime>2016-05-03 11:45:02 UTC</createdTime>
<ownerDesignName>Nac Rita</ownerDesignName>
<engineerTo>
<item key="2BA00AA8-3B4C-8EB7-7CF1-E615AAA199F7" value="true"/>
</engineerTo>
<adequatelyNormalized>NO</adequatelyNormalized>
<expectedVolumes>0</expectedVolumes>
<fwdEngineeringStrategyName>Single Table</fwdEngineeringStrategyName>
<growthPercent>0</growthPercent>
<growthType>Year</growthType>
<maxVolumes>9999999</maxVolumes>
<minVolumes>0</minVolumes>
<normalForm>Third</normalForm>
<attributes itemClass="oracle.dbtools.crest.model.design.logical.Attribute">
<Attribute name="cd_pessoa" id="292D9286-A9CE-AF24-A486-3FA7AAC708AE">
<createdBy>rm76989</createdBy>
<createdTime>2016-08-19 10:48:48 UTC</createdTime>
<generatorID>CE505CAA-D526-23E4-6617-3DE0D7F83F7C</generatorID>
<ownerDesignName>Nac Rita</ownerDesignName>
<engineerTo>
<item key="2BA00AA8-3B4C-8EB7-7CF1-E615AAA199F7" value="true"/>
</engineerTo>
<referedAttribute>1BEF0218-7797-8F7C-76D1-538EF0671789</referedAttribute>
<useDomainConstraints>false</useDomainConstraints>
<use>1</use>
<logicalDatatype>LOGDT019</logicalDatatype>
<dataTypePrecision>8</dataTypePrecision>
<ownDataTypeParameters>,,</ownDataTypeParameters>
</Attribute>
<Attribute name="cd_hist_hora" id="14EFAC9F-55E7-15E2-8449-19E482792916">
<createdBy>rm76983</createdBy>
<createdTime>2016-05-03 11:45:53 UTC</createdTime>
<ownerDesignName>Nac Rita</ownerDesignName>
<engineerTo>
<item key="2BA00AA8-3B4C-8EB7-7CF1-E615AAA199F7" value="true"/>
</engineerTo>
<useDomainConstraints>false</useDomainConstraints>
<use>1</use>
<logicalDatatype>LOGDT019</logicalDatatype>
<dataTypePrecision>4</dataTypePrecision>
<ownDataTypeParameters>,4,</ownDataTypeParameters>
</Attribute>
<Attribute name="dt_vigencia" id="5F148A1A-F815-6A22-FD39-AAA4D1D645CD">
<createdBy>rm76983</createdBy>
<createdTime>2016-05-03 11:46:54 UTC</createdTime>
<ownerDesignName>Nac Rita</ownerDesignName>
<engineerTo>
<item key="2BA00AA8-3B4C-8EB7-7CF1-E615AAA199F7" value="true"/>
</engineerTo>
<useDomainConstraints>false</useDomainConstraints>
<use>1</use>
<logicalDatatype>LOGDT007</logicalDatatype>
<ownDataTypeParameters>,,</ownDataTypeParameters>
</Attribute>
<Attribute name="vl_hora" id="165AE42E-4BD9-505C-B48B-E93235490AEF">
<createdBy>rm76983</createdBy>
<createdTime>2016-05-03 11:47:03 UTC</createdTime>
<ownerDesignName>Nac Rita</ownerDesignName>
<engineerTo>
<item key="2BA00AA8-3B4C-8EB7-7CF1-E615AAA199F7" value="true"/>
</engineerTo>
<useDomainConstraints>false</useDomainConstraints>
<use>1</use>
<logicalDatatype>LOGDT019</logicalDatatype>
<dataTypePrecision>8</dataTypePrecision>
<dataTypeScale>2</dataTypeScale>
<ownDataTypeParameters>,8,2</ownDataTypeParameters>
</Attribute>
</attributes>
<identifiers itemClass="oracle.dbtools.crest.model.design.logical.CandidateKey">
<identifier id="71924924-0346-54B6-689D-AD584570F285" name="T_CPCDH_VALOR_HORA_ADVOGADO PK">
<createdBy>rm76983</createdBy>
<createdTime>2016-05-03 11:46:05 UTC</createdTime>
<ownerDesignName>Nac Rita</ownerDesignName>
<engineerTo>
<item key="2BA00AA8-3B4C-8EB7-7CF1-E615AAA199F7" value="true"/>
</engineerTo>
<pk>true</pk>
<usedAttributes>
<attributeRef>14EFAC9F-55E7-15E2-8449-19E482792916</attributeRef>
<attributeRef>292D9286-A9CE-AF24-A486-3FA7AAC708AE</attributeRef>
</usedAttributes>
</identifier>
</identifiers>
</Entity>