<?xml version = '1.0' encoding = 'UTF-8'?>
<Entity class="oracle.dbtools.crest.model.design.logical.Entity" directorySegmentName="seg_0" id="8EC6E59F-5FFE-E254-D659-16D1D017B736" name="T_AM_TIPO_FONE">
<createdBy>rm76983</createdBy>
<createdTime>2016-05-03 12:22:53 UTC</createdTime>
<ownerDesignName>Nac Rita</ownerDesignName>
<engineerTo>
<item key="2BA00AA8-3B4C-8EB7-7CF1-E615AAA199F7" value="true"/>
</engineerTo>
<adequatelyNormalized>NO</adequatelyNormalized>
<expectedVolumes>0</expectedVolumes>
<fwdEngineeringStrategyName>Single Table</fwdEngineeringStrategyName>
<growthPercent>0</growthPercent>
<growthType>Year</growthType>
<maxVolumes>9999999</maxVolumes>
<minVolumes>0</minVolumes>
<normalForm>Third</normalForm>
<attributes itemClass="oracle.dbtools.crest.model.design.logical.Attribute">
<Attribute name="cd_tipo_fone" id="D9E76C42-5432-5938-F97F-12FA31805DCB">
<createdBy>rm76983</createdBy>
<createdTime>2016-05-03 12:23:07 UTC</createdTime>
<ownerDesignName>Nac Rita</ownerDesignName>
<engineerTo>
<item key="2BA00AA8-3B4C-8EB7-7CF1-E615AAA199F7" value="true"/>
</engineerTo>
<useDomainConstraints>false</useDomainConstraints>
<use>1</use>
<logicalDatatype>LOGDT019</logicalDatatype>
<dataTypePrecision>2</dataTypePrecision>
<ownDataTypeParameters>,2,</ownDataTypeParameters>
</Attribute>
<Attribute name="ds_tipo_fone" id="D94D6726-8F5A-9580-B1B1-CDA4A1E35BD0">
<createdBy>rm76983</createdBy>
<createdTime>2016-05-03 12:23:20 UTC</createdTime>
<ownerDesignName>Nac Rita</ownerDesignName>
<engineerTo>
<item key="2BA00AA8-3B4C-8EB7-7CF1-E615AAA199F7" value="true"/>
</engineerTo>
<useDomainConstraints>false</useDomainConstraints>
<use>1</use>
<logicalDatatype>LOGDT024</logicalDatatype>
<dataTypeSize>20</dataTypeSize>
<ownDataTypeParameters>20,,</ownDataTypeParameters>
</Attribute>
</attributes>
<identifiers itemClass="oracle.dbtools.crest.model.design.logical.CandidateKey">
<identifier id="BE6FEF66-19B3-D547-8973-94704BC8FFD2" name="T_CPCDH_TIPO_TELEFONE PK">
<createdBy>rm76983</createdBy>
<createdTime>2016-05-03 12:23:18 UTC</createdTime>
<ownerDesignName>Nac Rita</ownerDesignName>
<engineerTo>
<item key="2BA00AA8-3B4C-8EB7-7CF1-E615AAA199F7" value="true"/>
</engineerTo>
<pk>true</pk>
<usedAttributes>
<attributeRef>D9E76C42-5432-5938-F97F-12FA31805DCB</attributeRef>
</usedAttributes>
</identifier>
</identifiers>
</Entity>