<?xml version = '1.0' encoding = 'UTF-8'?>
<Entity class="oracle.dbtools.crest.model.design.logical.Entity" directorySegmentName="seg_0" id="C7CBE7BA-FBF5-A494-B543-9ABD7FBEE7FD" name="T_AM_HIST_PROC_TX">
<createdBy>rm76989</createdBy>
<createdTime>2016-08-19 11:31:36 UTC</createdTime>
<ownerDesignName>Nac Rita</ownerDesignName>
<engineerTo>
<item key="2BA00AA8-3B4C-8EB7-7CF1-E615AAA199F7" value="true"/>
</engineerTo>
<adequatelyNormalized>NO</adequatelyNormalized>
<expectedVolumes>0</expectedVolumes>
<fwdEngineeringStrategyName>Single Table</fwdEngineeringStrategyName>
<growthPercent>0</growthPercent>
<growthType>Year</growthType>
<maxVolumes>9999999</maxVolumes>
<minVolumes>0</minVolumes>
<normalForm>Third</normalForm>
<attributes itemClass="oracle.dbtools.crest.model.design.logical.Attribute">
<Attribute name="nr_processo" id="6805F4C0-8A13-823D-589B-2B2228F98A47">
<createdBy>rm76989</createdBy>
<createdTime>2016-08-19 11:33:55 UTC</createdTime>
<generatorID>FB021FE1-AA50-C682-6CF3-71B5CA952268</generatorID>
<ownerDesignName>Nac Rita</ownerDesignName>
<engineerTo>
<item key="2BA00AA8-3B4C-8EB7-7CF1-E615AAA199F7" value="true"/>
</engineerTo>
<referedAttribute>F0781642-1BD7-DB79-331E-C2EE28220342</referedAttribute>
<useDomainConstraints>false</useDomainConstraints>
<use>1</use>
<logicalDatatype>LOGDT019</logicalDatatype>
<dataTypePrecision>10</dataTypePrecision>
<ownDataTypeParameters>,,</ownDataTypeParameters>
</Attribute>
<Attribute name="cd_taxa" id="AF539A5F-D42E-86CB-182C-01823A20F686">
<createdBy>rm76989</createdBy>
<createdTime>2016-08-19 11:34:29 UTC</createdTime>
<generatorID>6DFC5BB4-DE81-1FAC-B5EE-8FF78CB1EC46</generatorID>
<ownerDesignName>Nac Rita</ownerDesignName>
<engineerTo>
<item key="2BA00AA8-3B4C-8EB7-7CF1-E615AAA199F7" value="true"/>
</engineerTo>
<referedAttribute>B6AB47A8-3DB4-DF4D-EAB9-6E7E9BCED554</referedAttribute>
<use>1</use>
<logicalDatatype>LOGDT019</logicalDatatype>
<dataTypePrecision>4</dataTypePrecision>
<ownDataTypeParameters>,,</ownDataTypeParameters>
</Attribute>
<Attribute name="dt_validade" id="98B91405-131B-8644-96CF-81C9BCAD6E3F">
<createdBy>rm76989</createdBy>
<createdTime>2016-08-19 11:32:31 UTC</createdTime>
<ownerDesignName>Nac Rita</ownerDesignName>
<engineerTo>
<item key="2BA00AA8-3B4C-8EB7-7CF1-E615AAA199F7" value="true"/>
</engineerTo>
<useDomainConstraints>false</useDomainConstraints>
<use>1</use>
<logicalDatatype>LOGDT007</logicalDatatype>
<ownDataTypeParameters>,,</ownDataTypeParameters>
</Attribute>
</attributes>
<identifiers itemClass="oracle.dbtools.crest.model.design.logical.CandidateKey">
<identifier id="529CC8EA-527C-B060-AC11-71D685A08943" name="T_AM_HIST_PROC_TX PK">
<createdBy>rm76989</createdBy>
<createdTime>2016-08-19 11:33:55 UTC</createdTime>
<ownerDesignName>Nac Rita</ownerDesignName>
<engineerTo>
<item key="2BA00AA8-3B4C-8EB7-7CF1-E615AAA199F7" value="true"/>
</engineerTo>
<pk>true</pk>
<usedAttributes>
<attributeRef>6805F4C0-8A13-823D-589B-2B2228F98A47</attributeRef>
<attributeRef>AF539A5F-D42E-86CB-182C-01823A20F686</attributeRef>
</usedAttributes>
</identifier>
</identifiers>
</Entity>