<?xml version = '1.0' encoding = 'UTF-8'?>
<Entity class="oracle.dbtools.crest.model.design.logical.Entity" directorySegmentName="seg_0" id="ED455EF4-014B-8453-7F76-EC432D669865" name="T_AM_LOGADOURO">
<createdBy>rm76983</createdBy>
<createdTime>2016-05-03 12:15:44 UTC</createdTime>
<ownerDesignName>Nac Rita</ownerDesignName>
<engineerTo>
<item key="2BA00AA8-3B4C-8EB7-7CF1-E615AAA199F7" value="true"/>
</engineerTo>
<adequatelyNormalized>NO</adequatelyNormalized>
<expectedVolumes>0</expectedVolumes>
<fwdEngineeringStrategyName>Single Table</fwdEngineeringStrategyName>
<growthPercent>0</growthPercent>
<growthType>Year</growthType>
<maxVolumes>9999999</maxVolumes>
<minVolumes>0</minVolumes>
<normalForm>Third</normalForm>
<attributes itemClass="oracle.dbtools.crest.model.design.logical.Attribute">
<Attribute name="nr_cep" id="7C7BA36B-2059-1885-5B4D-3A77FA756DAF">
<createdBy>rm76983</createdBy>
<createdTime>2016-05-03 12:16:01 UTC</createdTime>
<ownerDesignName>Nac Rita</ownerDesignName>
<engineerTo>
<item key="2BA00AA8-3B4C-8EB7-7CF1-E615AAA199F7" value="true"/>
</engineerTo>
<useDomainConstraints>false</useDomainConstraints>
<use>1</use>
<logicalDatatype>LOGDT019</logicalDatatype>
<dataTypePrecision>8</dataTypePrecision>
<ownDataTypeParameters>,8,</ownDataTypeParameters>
</Attribute>
<Attribute name="cd_bairro" id="4649F348-4FFC-5B7B-9B69-CDDE038FA71A">
<createdBy>rm76989</createdBy>
<createdTime>2016-08-19 12:16:34 UTC</createdTime>
<generatorID>2DDEB6B6-C41C-DDD9-ED0B-5B39707C2AA6</generatorID>
<ownerDesignName>Nac Rita</ownerDesignName>
<engineerTo>
<item key="2BA00AA8-3B4C-8EB7-7CF1-E615AAA199F7" value="true"/>
</engineerTo>
<referedAttribute>513EE79C-E926-0D71-21DE-6ECF16410F0B</referedAttribute>
<useDomainConstraints>false</useDomainConstraints>
<use>1</use>
<logicalDatatype>LOGDT019</logicalDatatype>
<dataTypePrecision>6</dataTypePrecision>
<ownDataTypeParameters>,,</ownDataTypeParameters>
</Attribute>
<Attribute name="cd_tipo_log" id="55084DF7-9F18-803E-9ED3-2A750FAC6968">
<createdBy>rm76989</createdBy>
<createdTime>2016-08-19 12:13:38 UTC</createdTime>
<generatorID>EDA9A4CB-8378-C233-9C49-C8D5D84EEC82</generatorID>
<ownerDesignName>Nac Rita</ownerDesignName>
<engineerTo>
<item key="2BA00AA8-3B4C-8EB7-7CF1-E615AAA199F7" value="true"/>
</engineerTo>
<referedAttribute>59882C65-6A1A-4221-C539-268AD0CA24B9</referedAttribute>
<use>1</use>
<logicalDatatype>LOGDT019</logicalDatatype>
<dataTypePrecision>2</dataTypePrecision>
<ownDataTypeParameters>,,</ownDataTypeParameters>
</Attribute>
<Attribute name="ds_logradouro" id="37FBDDD4-1B68-6917-4B1E-1CC14CA70EAC">
<createdBy>rm76983</createdBy>
<createdTime>2016-05-03 12:16:16 UTC</createdTime>
<ownerDesignName>Nac Rita</ownerDesignName>
<engineerTo>
<item key="2BA00AA8-3B4C-8EB7-7CF1-E615AAA199F7" value="true"/>
</engineerTo>
<useDomainConstraints>false</useDomainConstraints>
<use>1</use>
<logicalDatatype>LOGDT024</logicalDatatype>
<dataTypeSize>60</dataTypeSize>
<ownDataTypeParameters>60,,</ownDataTypeParameters>
</Attribute>
</attributes>
<identifiers itemClass="oracle.dbtools.crest.model.design.logical.CandidateKey">
<identifier id="CCF8611D-60C6-324E-8B26-2D6FDD1C6BA8" name="T_CPCDH_ENDERECO PK">
<createdBy>rm76983</createdBy>
<createdTime>2016-05-03 12:16:13 UTC</createdTime>
<ownerDesignName>Nac Rita</ownerDesignName>
<engineerTo>
<item key="2BA00AA8-3B4C-8EB7-7CF1-E615AAA199F7" value="true"/>
</engineerTo>
<pk>true</pk>
<usedAttributes>
<attributeRef>7C7BA36B-2059-1885-5B4D-3A77FA756DAF</attributeRef>
</usedAttributes>
</identifier>
</identifiers>
</Entity>