<?xml version = '1.0' encoding = 'UTF-8'?>
<Relation class="oracle.dbtools.crest.model.design.logical.Relation" name="lancar" directorySegmentName="seg_0" id="182F9C9D-DA5B-8FB6-CE45-58FBE986B728">
<createdBy>rm76989</createdBy>
<createdTime>2016-08-19 10:30:18 UTC</createdTime>
<ownerDesignName>Nac Rita</ownerDesignName>
<engineerTo>
<item key="2BA00AA8-3B4C-8EB7-7CF1-E615AAA199F7" value="true"/>
</engineerTo>
<sourcePk>CD82FB93-6981-6B1E-5E99-B7420B6928F1</sourcePk>
<identifying>false</identifying>
<optionalSource>true</optionalSource>
<optionalTarget>false</optionalTarget>
<sourceCardinality>1</sourceCardinality>
<sourceEntity>97762DE4-A14F-70EB-4763-131419E49498</sourceEntity>
<targetCardinalityString>*</targetCardinalityString>
<targetEntity>24F06595-ACD8-246B-BBEE-3425E56D4F46</targetEntity>
<transferable>true</transferable>
<deleteRule>NO ACTION</deleteRule>
</Relation>