<?xml version = '1.0' encoding = 'UTF-8'?>
<Relation class="oracle.dbtools.crest.model.design.logical.Relation" name="serv2" directorySegmentName="seg_0" id="24DD5DA3-DB80-F4EE-589C-8E9355CC35D6">
<createdBy>rm76989</createdBy>
<createdTime>2016-08-19 10:48:40 UTC</createdTime>
<ownerDesignName>Nac Rita</ownerDesignName>
<engineerTo>
<item key="2BA00AA8-3B4C-8EB7-7CF1-E615AAA199F7" value="true"/>
</engineerTo>
<sourcePk>1469635B-5A5F-5CB0-EF17-44D0FFAD5F34</sourcePk>
<arc>7FFF399A-4F11-E1D5-DA65-80E47DC20F26</arc>
<identifying>true</identifying>
<optionalSource>true</optionalSource>
<optionalTarget>false</optionalTarget>
<sourceCardinality>1</sourceCardinality>
<sourceEntity>B33F5654-8FAE-5496-8383-8561C3CEE7EF</sourceEntity>
<targetCardinalityString>1</targetCardinalityString>
<targetEntity>B3715BE1-F62F-A1D2-FBA5-EDB136DAA78E</targetEntity>
<transferable>true</transferable>
<deleteRule>NO ACTION</deleteRule>
</Relation>