<?xml version = '1.0' encoding = 'UTF-8'?>
<Relation class="oracle.dbtools.crest.model.design.logical.Relation" name="ptencr" directorySegmentName="seg_0" id="5893E903-4F57-5F3C-21DA-F56BEF232892">
<createdBy>rm76989</createdBy>
<createdTime>2016-08-19 12:08:36 UTC</createdTime>
<ownerDesignName>Nac Rita</ownerDesignName>
<engineerTo>
<item key="2BA00AA8-3B4C-8EB7-7CF1-E615AAA199F7" value="true"/>
</engineerTo>
<sourcePk>BE6FEF66-19B3-D547-8973-94704BC8FFD2</sourcePk>
<identifying>false</identifying>
<optionalSource>true</optionalSource>
<optionalTarget>false</optionalTarget>
<sourceCardinality>1</sourceCardinality>
<sourceEntity>8EC6E59F-5FFE-E254-D659-16D1D017B736</sourceEntity>
<targetCardinalityString>*</targetCardinalityString>
<targetEntity>E1483D81-D48D-5AEE-EC15-CFDB561E7632</targetEntity>
<transferable>true</transferable>
<deleteRule>NO ACTION</deleteRule>
</Relation>