<?xml version = '1.0' encoding = 'UTF-8'?>
<Relation class="oracle.dbtools.crest.model.design.logical.Relation" name="pertencerv1" directorySegmentName="seg_0" id="6DFC5BB4-DE81-1FAC-B5EE-8FF78CB1EC46">
<createdBy>rm76989</createdBy>
<createdTime>2016-08-19 11:34:29 UTC</createdTime>
<ownerDesignName>Nac Rita</ownerDesignName>
<engineerTo>
<item key="2BA00AA8-3B4C-8EB7-7CF1-E615AAA199F7" value="true"/>
</engineerTo>
<sourcePk>E9A57E1E-0B7B-681E-D7B6-8F4633E1BDC8</sourcePk>
<identifying>true</identifying>
<optionalSource>true</optionalSource>
<optionalTarget>false</optionalTarget>
<sourceCardinality>1</sourceCardinality>
<sourceEntity>43CCEAA9-F5F9-77B9-AEE0-DABFEAEF59DD</sourceEntity>
<targetCardinalityString>*</targetCardinalityString>
<targetEntity>C7CBE7BA-FBF5-A494-B543-9ABD7FBEE7FD</targetEntity>
<transferable>true</transferable>
<deleteRule>NO ACTION</deleteRule>
</Relation>