<?xml version = '1.0' encoding = 'UTF-8'?>
<Diagram class="oracle.dbtools.crest.swingui.logical.DPVLogical" name="Logical" id="EF60A69B-4C98-C324-E50C-06D52F58AFD3">
<createdBy>rm76989</createdBy>
<modifiedBy>rm76989</modifiedBy>
<createdTime>2016-05-03 11:00:56 UTC</createdTime>
<autoRoute>false</autoRoute>
<boxInbox>true</boxInbox>
<showLegend>false</showLegend>
<showLabels>false</showLabels>
<showRelAttributes>false</showRelAttributes>
<gridEnabled>false</gridEnabled>
<showGrid>false</showGrid>
<diagramColor>-1</diagramColor>
<display>false</display>
<notation>2</notation>
<showAllDetails>false</showAllDetails>
<showElements>true</showElements>
<showDatatype>true</showDatatype>
<objectViews>
<OView class="oracle.dbtools.crest.swingui.logical.TVEntity" oid="10FA6AA7-A1E1-128D-CE45-64B0754506EB" otype="Entity" vid="FDAEBCEF-12DB-AEAA-998A-CEC3E21679FC">
<hideElementsInCurrentOnly>false</hideElementsInCurrentOnly>
<bounds x="121" y="932" width="197" height="110"/>
</OView>
<OView class="oracle.dbtools.crest.swingui.logical.TVEntity" oid="1AE8D4B5-2CC7-CD67-BDA5-6D65271A1930" otype="Entity" vid="9745A531-967F-E85A-15AF-338046AAB055">
<hideElementsInCurrentOnly>false</hideElementsInCurrentOnly>
<bounds x="426" y="918" width="200" height="133"/>
<useCustomFormat>true</useCustomFormat>
<useDefaultColor>false</useDefaultColor>
<backgroundColor>-205</backgroundColor>
<foregroundColor>-16776961</foregroundColor>
<fonts itemClass="oracle.dbtools.crest.model.design.FontObjectWr">
<FontObject>
<foType>Title</foType>
<fontStyle>1</fontStyle>
<colorRGB>-16776961</colorRGB>
</FontObject>
<FontObject>
<foType>Attribute</foType>
<colorRGB>-16777216</colorRGB>
</FontObject>
<FontObject>
<foType>Datatype</foType>
<colorRGB>-16744448</colorRGB>
</FontObject>
<FontObject>
<foType>PK Element</foType>
<colorRGB>-16776961</colorRGB>
</FontObject>
<FontObject>
<foType>FK Element</foType>
<colorRGB>-16777216</colorRGB>
</FontObject>
<FontObject>
<foType>UK Element</foType>
<colorRGB>-16776961</colorRGB>
</FontObject>
<FontObject>
<foType>Not Null</foType>
<colorRGB>-65536</colorRGB>
</FontObject>
<FontObject>
<foType>Key</foType>
<colorRGB>-16777216</colorRGB>
</FontObject>
<FontObject>
<foType>Comments</foType>
<colorRGB>-12566464</colorRGB>
</FontObject>
</fonts>
</OView>
<OView class="oracle.dbtools.crest.swingui.logical.TVEntity" oid="24F06595-ACD8-246B-BBEE-3425E56D4F46" otype="Entity" vid="E009D04F-7172-4381-7722-6815FE2DCB4A">
<hideElementsInCurrentOnly>false</hideElementsInCurrentOnly>
<bounds x="626" y="1153" width="207" height="110"/>
<useCustomFormat>true</useCustomFormat>
<useDefaultColor>false</useDefaultColor>
<backgroundColor>-205</backgroundColor>
<foregroundColor>-16776961</foregroundColor>
<fonts itemClass="oracle.dbtools.crest.model.design.FontObjectWr">
<FontObject>
<foType>Title</foType>
<fontStyle>1</fontStyle>
<colorRGB>-16776961</colorRGB>
</FontObject>
<FontObject>
<foType>Attribute</foType>
<colorRGB>-16777216</colorRGB>
</FontObject>
<FontObject>
<foType>Datatype</foType>
<colorRGB>-16744448</colorRGB>
</FontObject>
<FontObject>
<foType>PK Element</foType>
<colorRGB>-16776961</colorRGB>
</FontObject>
<FontObject>
<foType>FK Element</foType>
<colorRGB>-16777216</colorRGB>
</FontObject>
<FontObject>
<foType>UK Element</foType>
<colorRGB>-16776961</colorRGB>
</FontObject>
<FontObject>
<foType>Not Null</foType>
<colorRGB>-65536</colorRGB>
</FontObject>
<FontObject>
<foType>Key</foType>
<colorRGB>-16777216</colorRGB>
</FontObject>
<FontObject>
<foType>Comments</foType>
<colorRGB>-12566464</colorRGB>
</FontObject>
</fonts>
</OView>
<OView class="oracle.dbtools.crest.swingui.logical.TVEntity" oid="2EC1ED34-8CC8-DE2D-2089-607C0111B8E5" otype="Entity" vid="DC961873-427F-21EB-4CEC-CFFFD374F19F">
<hideElementsInCurrentOnly>false</hideElementsInCurrentOnly>
<bounds x="1543" y="980" width="170" height="110"/>
<useCustomFormat>true</useCustomFormat>
<useDefaultColor>false</useDefaultColor>
<backgroundColor>-13369447</backgroundColor>
<foregroundColor>-16776961</foregroundColor>
<fonts itemClass="oracle.dbtools.crest.model.design.FontObjectWr">
<FontObject>
<foType>Title</foType>
<fontStyle>1</fontStyle>
<colorRGB>-16776961</colorRGB>
</FontObject>
<FontObject>
<foType>Attribute</foType>
<colorRGB>-16777216</colorRGB>
</FontObject>
<FontObject>
<foType>Datatype</foType>
<colorRGB>-16744448</colorRGB>
</FontObject>
<FontObject>
<foType>PK Element</foType>
<colorRGB>-16776961</colorRGB>
</FontObject>
<FontObject>
<foType>FK Element</foType>
<colorRGB>-16777216</colorRGB>
</FontObject>
<FontObject>
<foType>UK Element</foType>
<colorRGB>-16776961</colorRGB>
</FontObject>
<FontObject>
<foType>Not Null</foType>
<colorRGB>-65536</colorRGB>
</FontObject>
<FontObject>
<foType>Key</foType>
<colorRGB>-16777216</colorRGB>
</FontObject>
<FontObject>
<foType>Comments</foType>
<colorRGB>-12566464</colorRGB>
</FontObject>
</fonts>
</OView>
<OView class="oracle.dbtools.crest.swingui.logical.TVEntity" oid="30A39D32-35D4-8D2E-1835-9598E311C4C5" otype="Entity" vid="CD2C55CC-2D73-180C-3AA3-86D473B09DFA">
<hideElementsInCurrentOnly>false</hideElementsInCurrentOnly>
<bounds x="1304" y="442" width="199" height="110"/>
<useCustomFormat>true</useCustomFormat>
<useDefaultColor>false</useDefaultColor>
<backgroundColor>-256</backgroundColor>
<foregroundColor>-16776961</foregroundColor>
<fonts itemClass="oracle.dbtools.crest.model.design.FontObjectWr">
<FontObject>
<foType>Title</foType>
<fontStyle>1</fontStyle>
<colorRGB>-16776961</colorRGB>
</FontObject>
<FontObject>
<foType>Attribute</foType>
<colorRGB>-16777216</colorRGB>
</FontObject>
<FontObject>
<foType>Datatype</foType>
<colorRGB>-16744448</colorRGB>
</FontObject>
<FontObject>
<foType>PK Element</foType>
<colorRGB>-16776961</colorRGB>
</FontObject>
<FontObject>
<foType>FK Element</foType>
<colorRGB>-16777216</colorRGB>
</FontObject>
<FontObject>
<foType>UK Element</foType>
<colorRGB>-16776961</colorRGB>
</FontObject>
<FontObject>
<foType>Not Null</foType>
<colorRGB>-65536</colorRGB>
</FontObject>
<FontObject>
<foType>Key</foType>
<colorRGB>-16777216</colorRGB>
</FontObject>
<FontObject>
<foType>Comments</foType>
<colorRGB>-12566464</colorRGB>
</FontObject>
</fonts>
</OView>
<OView class="oracle.dbtools.crest.swingui.logical.TVEntity" oid="43CCEAA9-F5F9-77B9-AEE0-DABFEAEF59DD" otype="Entity" vid="E1127854-54E2-E1E8-351D-9131A5DA7A83">
<hideElementsInCurrentOnly>false</hideElementsInCurrentOnly>
<bounds x="116" y="751" width="206" height="110"/>
</OView>
<OView class="oracle.dbtools.crest.swingui.logical.TVEntity" oid="446E3A47-1245-0F19-C40D-964601A4C281" otype="Entity" vid="705D0FC6-ED8A-993C-0916-0A012B10309D">
<hideElementsInCurrentOnly>false</hideElementsInCurrentOnly>
<bounds x="1046" y="274" width="170" height="110"/>
<useCustomFormat>true</useCustomFormat>
<useDefaultColor>false</useDefaultColor>
<backgroundColor>-256</backgroundColor>
<foregroundColor>-16776961</foregroundColor>
<fonts itemClass="oracle.dbtools.crest.model.design.FontObjectWr">
<FontObject>
<foType>Title</foType>
<fontStyle>1</fontStyle>
<colorRGB>-16776961</colorRGB>
</FontObject>
<FontObject>
<foType>Attribute</foType>
<colorRGB>-16777216</colorRGB>
</FontObject>
<FontObject>
<foType>Datatype</foType>
<colorRGB>-16744448</colorRGB>
</FontObject>
<FontObject>
<foType>PK Element</foType>
<colorRGB>-16776961</colorRGB>
</FontObject>
<FontObject>
<foType>FK Element</foType>
<colorRGB>-16777216</colorRGB>
</FontObject>
<FontObject>
<foType>UK Element</foType>
<colorRGB>-16776961</colorRGB>
</FontObject>
<FontObject>
<foType>Not Null</foType>
<colorRGB>-65536</colorRGB>
</FontObject>
<FontObject>
<foType>Key</foType>
<colorRGB>-16777216</colorRGB>
</FontObject>
<FontObject>
<foType>Comments</foType>
<colorRGB>-12566464</colorRGB>
</FontObject>
</fonts>
</OView>
<OView class="oracle.dbtools.crest.swingui.logical.TVEntity" oid="45533D80-797E-D76B-937D-1804F49C5EA4" otype="Entity" vid="3244C0CB-654A-934E-6420-573D55FD515A">
<hideElementsInCurrentOnly>false</hideElementsInCurrentOnly>
<bounds x="954" y="917" width="183" height="110"/>
<useCustomFormat>true</useCustomFormat>
<useDefaultColor>false</useDefaultColor>
<backgroundColor>-205</backgroundColor>
<foregroundColor>-16776961</foregroundColor>
<fonts itemClass="oracle.dbtools.crest.model.design.FontObjectWr">
<FontObject>
<foType>Title</foType>
<fontStyle>1</fontStyle>
<colorRGB>-16776961</colorRGB>
</FontObject>
<FontObject>
<foType>Attribute</foType>
<colorRGB>-16777216</colorRGB>
</FontObject>
<FontObject>
<foType>Datatype</foType>
<colorRGB>-16744448</colorRGB>
</FontObject>
<FontObject>
<foType>PK Element</foType>
<colorRGB>-16776961</colorRGB>
</FontObject>
<FontObject>
<foType>FK Element</foType>
<colorRGB>-16777216</colorRGB>
</FontObject>
<FontObject>
<foType>UK Element</foType>
<colorRGB>-16776961</colorRGB>
</FontObject>
<FontObject>
<foType>Not Null</foType>
<colorRGB>-65536</colorRGB>
</FontObject>
<FontObject>
<foType>Key</foType>
<colorRGB>-16777216</colorRGB>
</FontObject>
<FontObject>
<foType>Comments</foType>
<colorRGB>-12566464</colorRGB>
</FontObject>
</fonts>
</OView>
<OView class="oracle.dbtools.crest.swingui.logical.TVEntity" oid="4858C628-F380-0FD8-1CB2-C7EDB1AC47CC" otype="Entity" vid="A1D2DE17-F0CD-8982-27C1-747D4FFFEDE1">
<hideElementsInCurrentOnly>false</hideElementsInCurrentOnly>
<bounds x="1545" y="798" width="176" height="110"/>
<useCustomFormat>true</useCustomFormat>
<useDefaultColor>false</useDefaultColor>
<backgroundColor>-13369447</backgroundColor>
<foregroundColor>-16776961</foregroundColor>
<fonts itemClass="oracle.dbtools.crest.model.design.FontObjectWr">
<FontObject>
<foType>Title</foType>
<fontStyle>1</fontStyle>
<colorRGB>-16776961</colorRGB>
</FontObject>
<FontObject>
<foType>Attribute</foType>
<colorRGB>-16777216</colorRGB>
</FontObject>
<FontObject>
<foType>Datatype</foType>
<colorRGB>-16744448</colorRGB>
</FontObject>
<FontObject>
<foType>PK Element</foType>
<colorRGB>-16776961</colorRGB>
</FontObject>
<FontObject>
<foType>FK Element</foType>
<colorRGB>-16777216</colorRGB>
</FontObject>
<FontObject>
<foType>UK Element</foType>
<colorRGB>-16776961</colorRGB>
</FontObject>
<FontObject>
<foType>Not Null</foType>
<colorRGB>-65536</colorRGB>
</FontObject>
<FontObject>
<foType>Key</foType>
<colorRGB>-16777216</colorRGB>
</FontObject>
<FontObject>
<foType>Comments</foType>
<colorRGB>-12566464</colorRGB>
</FontObject>
</fonts>
</OView>
<OView class="oracle.dbtools.crest.swingui.logical.TVEntity" oid="63DBF7E1-664B-45C3-44BB-DAC057AA081E" otype="Entity" vid="EF032C70-D506-E30F-116F-AC0D4BCC395F">
<hideElementsInCurrentOnly>false</hideElementsInCurrentOnly>
<bounds x="1167" y="844" width="186" height="110"/>
</OView>
<OView class="oracle.dbtools.crest.swingui.logical.TVEntity" oid="6A960E2C-43CF-E81B-F063-AED87978B641" otype="Entity" vid="9DD94D0F-173F-37D7-70D1-42CA02EA4636">
<hideElementsInCurrentOnly>false</hideElementsInCurrentOnly>
<bounds x="617" y="532" width="210" height="152"/>
</OView>
<OView class="oracle.dbtools.crest.swingui.logical.TVEntity" oid="8EC6E59F-5FFE-E254-D659-16D1D017B736" otype="Entity" vid="1E3B8F60-617D-E5AF-DC92-BCA89459E073">
<hideElementsInCurrentOnly>false</hideElementsInCurrentOnly>
<bounds x="809" y="85" width="191" height="110"/>
<useCustomFormat>true</useCustomFormat>
<useDefaultColor>false</useDefaultColor>
<backgroundColor>-16711885</backgroundColor>
<foregroundColor>-16776961</foregroundColor>
<fonts itemClass="oracle.dbtools.crest.model.design.FontObjectWr">
<FontObject>
<foType>Title</foType>
<fontStyle>1</fontStyle>
<colorRGB>-16776961</colorRGB>
</FontObject>
<FontObject>
<foType>Attribute</foType>
<colorRGB>-16777216</colorRGB>
</FontObject>
<FontObject>
<foType>Datatype</foType>
<colorRGB>-16744448</colorRGB>
</FontObject>
<FontObject>
<foType>PK Element</foType>
<colorRGB>-16776961</colorRGB>
</FontObject>
<FontObject>
<foType>FK Element</foType>
<colorRGB>-16777216</colorRGB>
</FontObject>
<FontObject>
<foType>UK Element</foType>
<colorRGB>-16776961</colorRGB>
</FontObject>
<FontObject>
<foType>Not Null</foType>
<colorRGB>-65536</colorRGB>
</FontObject>
<FontObject>
<foType>Key</foType>
<colorRGB>-16777216</colorRGB>
</FontObject>
<FontObject>
<foType>Comments</foType>
<colorRGB>-12566464</colorRGB>
</FontObject>
</fonts>
</OView>
<OView class="oracle.dbtools.crest.swingui.logical.TVEntity" oid="97762DE4-A14F-70EB-4763-131419E49498" otype="Entity" vid="BC6ADFFC-20F1-4D12-CB66-82BAEA5AE15C">
<hideElementsInCurrentOnly>false</hideElementsInCurrentOnly>
<bounds x="944" y="1147" width="205" height="110"/>
</OView>
<OView class="oracle.dbtools.crest.swingui.logical.TVEntity" oid="B131610A-EB6C-6695-8F8F-F6D2176E2EE9" otype="Entity" vid="26CC4865-88CF-337C-23F6-575E741F5AAF">
<hideElementsInCurrentOnly>false</hideElementsInCurrentOnly>
<bounds x="668" y="899" width="221" height="192"/>
</OView>
<OView class="oracle.dbtools.crest.swingui.logical.TVEntity" oid="B33F5654-8FAE-5496-8383-8561C3CEE7EF" otype="Entity" vid="4863CE7E-444A-90D8-6105-EBB9EFA33105">
<hideElementsInCurrentOnly>false</hideElementsInCurrentOnly>
<bounds x="1044" y="432" width="170" height="109"/>
</OView>
<OView class="oracle.dbtools.crest.swingui.logical.TVEntity" oid="B3715BE1-F62F-A1D2-FBA5-EDB136DAA78E" otype="Entity" vid="FCCE3020-5FE3-BB72-AEC2-1565929F7F08">
<hideElementsInCurrentOnly>false</hideElementsInCurrentOnly>
<bounds x="1042" y="643" width="187" height="155"/>
</OView>
<OView class="oracle.dbtools.crest.swingui.logical.TVEntity" oid="B8806648-9476-B0F6-970E-49366ECFAE6A" otype="Entity" vid="13056232-9946-B7BB-E1B5-62D44AE84A5A">
<hideElementsInCurrentOnly>false</hideElementsInCurrentOnly>
<bounds x="845" y="660" width="170" height="110"/>
</OView>
<OView class="oracle.dbtools.crest.swingui.logical.TVEntity" oid="C7CBE7BA-FBF5-A494-B543-9ABD7FBEE7FD" otype="Entity" vid="9C35A9E5-78E4-1755-AEE1-EF0C63DA4B66">
<hideElementsInCurrentOnly>false</hideElementsInCurrentOnly>
<bounds x="447" y="756" width="170" height="110"/>
<useCustomFormat>true</useCustomFormat>
<useDefaultColor>false</useDefaultColor>
<backgroundColor>-256</backgroundColor>
<foregroundColor>-16776961</foregroundColor>
<fonts itemClass="oracle.dbtools.crest.model.design.FontObjectWr">
<FontObject>
<foType>Title</foType>
<fontStyle>1</fontStyle>
<colorRGB>-16776961</colorRGB>
</FontObject>
<FontObject>
<foType>Attribute</foType>
<colorRGB>-16777216</colorRGB>
</FontObject>
<FontObject>
<foType>Datatype</foType>
<colorRGB>-16744448</colorRGB>
</FontObject>
<FontObject>
<foType>PK Element</foType>
<colorRGB>-16776961</colorRGB>
</FontObject>
<FontObject>
<foType>FK Element</foType>
<colorRGB>-16777216</colorRGB>
</FontObject>
<FontObject>
<foType>UK Element</foType>
<colorRGB>-16776961</colorRGB>
</FontObject>
<FontObject>
<foType>Not Null</foType>
<colorRGB>-65536</colorRGB>
</FontObject>
<FontObject>
<foType>Key</foType>
<colorRGB>-16777216</colorRGB>
</FontObject>
<FontObject>
<foType>Comments</foType>
<colorRGB>-12566464</colorRGB>
</FontObject>
</fonts>
</OView>
<OView class="oracle.dbtools.crest.swingui.logical.TVEntity" oid="D2B96EE0-5932-DE91-1C9A-28520092BF7E" otype="Entity" vid="F59B7097-E087-54D7-32CB-B1BF38DB3C9E">
<hideElementsInCurrentOnly>false</hideElementsInCurrentOnly>
<bounds x="1188" y="1014" width="170" height="110"/>
</OView>
<OView class="oracle.dbtools.crest.swingui.logical.TVEntity" oid="DD9BF668-D63A-C4EB-CA91-5EED657AF172" otype="Entity" vid="E10FEE44-0249-EC99-2F40-B5D6ADF4E6AA">
<hideElementsInCurrentOnly>false</hideElementsInCurrentOnly>
<bounds x="1563" y="275" width="178" height="110"/>
<useCustomFormat>true</useCustomFormat>
<useDefaultColor>false</useDefaultColor>
<backgroundColor>-13369447</backgroundColor>
<foregroundColor>-16776961</foregroundColor>
<fonts itemClass="oracle.dbtools.crest.model.design.FontObjectWr">
<FontObject>
<foType>Title</foType>
<fontStyle>1</fontStyle>
<colorRGB>-16776961</colorRGB>
</FontObject>
<FontObject>
<foType>Attribute</foType>
<colorRGB>-16777216</colorRGB>
</FontObject>
<FontObject>
<foType>Datatype</foType>
<colorRGB>-16744448</colorRGB>
</FontObject>
<FontObject>
<foType>PK Element</foType>
<colorRGB>-16776961</colorRGB>
</FontObject>
<FontObject>
<foType>FK Element</foType>
<colorRGB>-16777216</colorRGB>
</FontObject>
<FontObject>
<foType>UK Element</foType>
<colorRGB>-16776961</colorRGB>
</FontObject>
<FontObject>
<foType>Not Null</foType>
<colorRGB>-65536</colorRGB>
</FontObject>
<FontObject>
<foType>Key</foType>
<colorRGB>-16777216</colorRGB>
</FontObject>
<FontObject>
<foType>Comments</foType>
<colorRGB>-12566464</colorRGB>
</FontObject>
</fonts>
</OView>
<OView class="oracle.dbtools.crest.swingui.logical.TVEntity" oid="E1483D81-D48D-5AEE-EC15-CFDB561E7632" otype="Entity" vid="6FBB9B32-A479-D09B-D4CB-534E62C6E988">
<hideElementsInCurrentOnly>false</hideElementsInCurrentOnly>
<bounds x="811" y="275" width="190" height="110"/>
<useCustomFormat>true</useCustomFormat>
<useDefaultColor>false</useDefaultColor>
<backgroundColor>-16711885</backgroundColor>
<foregroundColor>-16776961</foregroundColor>
<fonts itemClass="oracle.dbtools.crest.model.design.FontObjectWr">
<FontObject>
<foType>Title</foType>
<fontStyle>1</fontStyle>
<colorRGB>-16776961</colorRGB>
</FontObject>
<FontObject>
<foType>Attribute</foType>
<colorRGB>-16777216</colorRGB>
</FontObject>
<FontObject>
<foType>Datatype</foType>
<colorRGB>-16744448</colorRGB>
</FontObject>
<FontObject>
<foType>PK Element</foType>
<colorRGB>-16776961</colorRGB>
</FontObject>
<FontObject>
<foType>FK Element</foType>
<colorRGB>-16777216</colorRGB>
</FontObject>
<FontObject>
<foType>UK Element</foType>
<colorRGB>-16776961</colorRGB>
</FontObject>
<FontObject>
<foType>Not Null</foType>
<colorRGB>-65536</colorRGB>
</FontObject>
<FontObject>
<foType>Key</foType>
<colorRGB>-16777216</colorRGB>
</FontObject>
<FontObject>
<foType>Comments</foType>
<colorRGB>-12566464</colorRGB>
</FontObject>
</fonts>
</OView>
<OView class="oracle.dbtools.crest.swingui.logical.TVEntity" oid="ED455EF4-014B-8453-7F76-EC432D669865" otype="Entity" vid="71B969E2-5A1D-251B-2401-D55AD94DFA5D">
<hideElementsInCurrentOnly>false</hideElementsInCurrentOnly>
<bounds x="1555" y="444" width="192" height="110"/>
<useCustomFormat>true</useCustomFormat>
<useDefaultColor>false</useDefaultColor>
<backgroundColor>-13369447</backgroundColor>
<foregroundColor>-16776961</foregroundColor>
<fonts itemClass="oracle.dbtools.crest.model.design.FontObjectWr">
<FontObject>
<foType>Title</foType>
<fontStyle>1</fontStyle>
<colorRGB>-16776961</colorRGB>
</FontObject>
<FontObject>
<foType>Attribute</foType>
<colorRGB>-16777216</colorRGB>
</FontObject>
<FontObject>
<foType>Datatype</foType>
<colorRGB>-16744448</colorRGB>
</FontObject>
<FontObject>
<foType>PK Element</foType>
<colorRGB>-16776961</colorRGB>
</FontObject>
<FontObject>
<foType>FK Element</foType>
<colorRGB>-16777216</colorRGB>
</FontObject>
<FontObject>
<foType>UK Element</foType>
<colorRGB>-16776961</colorRGB>
</FontObject>
<FontObject>
<foType>Not Null</foType>
<colorRGB>-65536</colorRGB>
</FontObject>
<FontObject>
<foType>Key</foType>
<colorRGB>-16777216</colorRGB>
</FontObject>
<FontObject>
<foType>Comments</foType>
<colorRGB>-12566464</colorRGB>
</FontObject>
</fonts>
</OView>
<OView class="oracle.dbtools.crest.swingui.logical.TVEntity" oid="FCB32049-40B7-2289-9052-4A420BBBAA78" otype="Entity" vid="8659866E-097E-27D4-765B-A8BD945A6EE6">
<hideElementsInCurrentOnly>false</hideElementsInCurrentOnly>
<bounds x="1553" y="613" width="170" height="110"/>
<useCustomFormat>true</useCustomFormat>
<useDefaultColor>false</useDefaultColor>
<backgroundColor>-13369447</backgroundColor>
<foregroundColor>-16776961</foregroundColor>
<fonts itemClass="oracle.dbtools.crest.model.design.FontObjectWr">
<FontObject>
<foType>Title</foType>
<fontStyle>1</fontStyle>
<colorRGB>-16776961</colorRGB>
</FontObject>
<FontObject>
<foType>Attribute</foType>
<colorRGB>-16777216</colorRGB>
</FontObject>
<FontObject>
<foType>Datatype</foType>
<colorRGB>-16744448</colorRGB>
</FontObject>
<FontObject>
<foType>PK Element</foType>
<colorRGB>-16776961</colorRGB>
</FontObject>
<FontObject>
<foType>FK Element</foType>
<colorRGB>-16777216</colorRGB>
</FontObject>
<FontObject>
<foType>UK Element</foType>
<colorRGB>-16776961</colorRGB>
</FontObject>
<FontObject>
<foType>Not Null</foType>
<colorRGB>-65536</colorRGB>
</FontObject>
<FontObject>
<foType>Key</foType>
<colorRGB>-16777216</colorRGB>
</FontObject>
<FontObject>
<foType>Comments</foType>
<colorRGB>-12566464</colorRGB>
</FontObject>
</fonts>
</OView>
</objectViews>
<connectors>
<Connector class="oracle.dbtools.crest.swingui.logical.TVRelation" oid="182F9C9D-DA5B-8FB6-CE45-58FBE986B728" otype="Relation" vid_source="BC6ADFFC-20F1-4D12-CB66-82BAEA5AE15C" vid_target="E009D04F-7172-4381-7722-6815FE2DCB4A">
<hideElementsInCurrentOnly>false</hideElementsInCurrentOnly>
<lineWidth>1</lineWidth>
<points>
<point x="944" y="1205"/>
<point x="833" y="1205"/>
</points>
</Connector>
<Connector class="oracle.dbtools.crest.swingui.logical.TVRelation" oid="1F3E7309-C550-90EC-3FED-7C1A0B68D36E" otype="Relation" vid_source="71B969E2-5A1D-251B-2401-D55AD94DFA5D" vid_target="CD2C55CC-2D73-180C-3AA3-86D473B09DFA">
<hideElementsInCurrentOnly>false</hideElementsInCurrentOnly>
<lineWidth>1</lineWidth>
<points>
<point x="1555" y="498"/>
<point x="1503" y="498"/>
</points>
</Connector>
<Connector class="oracle.dbtools.crest.swingui.logical.TVRelation" oid="24DD5DA3-DB80-F4EE-589C-8E9355CC35D6" otype="Relation" vid_source="4863CE7E-444A-90D8-6105-EBB9EFA33105" vid_target="FCCE3020-5FE3-BB72-AEC2-1565929F7F08">
<hideElementsInCurrentOnly>false</hideElementsInCurrentOnly>
<lineWidth>1</lineWidth>
<points>
<point x="1136" y="541"/>
<point x="1137" y="643"/>
</points>
</Connector>
<Connector class="oracle.dbtools.crest.swingui.logical.TVRelation" oid="2DDEB6B6-C41C-DDD9-ED0B-5B39707C2AA6" otype="Relation" vid_source="8659866E-097E-27D4-765B-A8BD945A6EE6" vid_target="71B969E2-5A1D-251B-2401-D55AD94DFA5D">
<hideElementsInCurrentOnly>false</hideElementsInCurrentOnly>
<lineWidth>1</lineWidth>
<points>
<point x="1639" y="613"/>
<point x="1639" y="554"/>
</points>
</Connector>
<Connector class="oracle.dbtools.crest.swingui.logical.TVRelation" oid="2F520FCF-ADAE-9A7C-41BD-D5301005F0BB" otype="Relation" vid_source="4863CE7E-444A-90D8-6105-EBB9EFA33105" vid_target="13056232-9946-B7BB-E1B5-62D44AE84A5A">
<hideElementsInCurrentOnly>false</hideElementsInCurrentOnly>
<lineWidth>1</lineWidth>
<points>
<point x="1044" y="511"/>
<point x="910" y="511"/>
<point x="910" y="660"/>
</points>
</Connector>
<Connector class="oracle.dbtools.crest.swingui.logical.TVRelation" oid="5893E903-4F57-5F3C-21DA-F56BEF232892" otype="Relation" vid_source="1E3B8F60-617D-E5AF-DC92-BCA89459E073" vid_target="6FBB9B32-A479-D09B-D4CB-534E62C6E988">
<hideElementsInCurrentOnly>false</hideElementsInCurrentOnly>
<lineWidth>1</lineWidth>
<points>
<point x="905" y="195"/>
<point x="905" y="275"/>
</points>
</Connector>
<Connector class="oracle.dbtools.crest.swingui.logical.TVRelation" oid="6509E8EC-8B38-2E09-CF16-D3C92A475B6B" otype="Relation" vid_source="9DD94D0F-173F-37D7-70D1-42CA02EA4636" vid_target="26CC4865-88CF-337C-23F6-575E741F5AAF">
<hideElementsInCurrentOnly>false</hideElementsInCurrentOnly>
<lineWidth>1</lineWidth>
<points>
<point x="747" y="684"/>
<point x="747" y="899"/>
</points>
</Connector>
<Connector class="oracle.dbtools.crest.swingui.logical.TVRelation" oid="6621A739-4E52-1939-1A0C-4E5E2F851134" otype="Relation" vid_source="26CC4865-88CF-337C-23F6-575E741F5AAF" vid_target="E009D04F-7172-4381-7722-6815FE2DCB4A">
<hideElementsInCurrentOnly>false</hideElementsInCurrentOnly>
<lineWidth>1</lineWidth>
<points>
<point x="750" y="1091"/>
<point x="750" y="1153"/>
</points>
</Connector>
<Connector class="oracle.dbtools.crest.swingui.logical.TVRelation" oid="69815501-A978-2994-42CA-92B4AE0481E6" otype="Relation" vid_source="FDAEBCEF-12DB-AEAA-998A-CEC3E21679FC" vid_target="9745A531-967F-E85A-15AF-338046AAB055">
<hideElementsInCurrentOnly>false</hideElementsInCurrentOnly>
<lineWidth>1</lineWidth>
<points>
<point x="318" y="987"/>
<point x="426" y="987"/>
</points>
</Connector>
<Connector class="oracle.dbtools.crest.swingui.logical.TVRelation" oid="6DFC5BB4-DE81-1FAC-B5EE-8FF78CB1EC46" otype="Relation" vid_source="E1127854-54E2-E1E8-351D-9131A5DA7A83" vid_target="9C35A9E5-78E4-1755-AEE1-EF0C63DA4B66">
<hideElementsInCurrentOnly>false</hideElementsInCurrentOnly>
<lineWidth>1</lineWidth>
<points>
<point x="322" y="808"/>
<point x="447" y="808"/>
</points>
</Connector>
<Connector class="oracle.dbtools.crest.swingui.logical.TVRelation" oid="8039FB5F-AC38-069B-C33F-4685DF2738FF" otype="Relation" vid_source="4863CE7E-444A-90D8-6105-EBB9EFA33105" vid_target="CD2C55CC-2D73-180C-3AA3-86D473B09DFA">
<hideElementsInCurrentOnly>false</hideElementsInCurrentOnly>
<lineWidth>1</lineWidth>
<points>
<point x="1214" y="491"/>
<point x="1304" y="491"/>
</points>
</Connector>
<Connector class="oracle.dbtools.crest.swingui.logical.TVRelation" oid="85652D52-DA3E-5E46-CBC0-AE02DBFF6135" otype="Relation" vid_source="13056232-9946-B7BB-E1B5-62D44AE84A5A" vid_target="26CC4865-88CF-337C-23F6-575E741F5AAF">
<hideElementsInCurrentOnly>false</hideElementsInCurrentOnly>
<lineWidth>1</lineWidth>
<points>
<point x="906" y="770"/>
<point x="906" y="926"/>
<point x="889" y="926"/>
</points>
</Connector>
<Connector class="oracle.dbtools.crest.swingui.logical.TVRelation" oid="8A0BC4AC-C425-27A6-DE8B-DB38E7DF2C1B" otype="Relation" vid_source="3244C0CB-654A-934E-6420-573D55FD515A" vid_target="26CC4865-88CF-337C-23F6-575E741F5AAF">
<hideElementsInCurrentOnly>false</hideElementsInCurrentOnly>
<lineWidth>1</lineWidth>
<points>
<point x="954" y="972"/>
<point x="889" y="972"/>
</points>
</Connector>
<Connector class="oracle.dbtools.crest.swingui.logical.TVRelation" oid="B43032DD-CD3B-211C-EEBE-CAABC0A31B95" otype="Relation" vid_source="A1D2DE17-F0CD-8982-27C1-747D4FFFEDE1" vid_target="8659866E-097E-27D4-765B-A8BD945A6EE6">
<hideElementsInCurrentOnly>false</hideElementsInCurrentOnly>
<lineWidth>1</lineWidth>
<points>
<point x="1637" y="798"/>
<point x="1637" y="723"/>
</points>
</Connector>
<Connector class="oracle.dbtools.crest.swingui.logical.TVRelation" oid="C62DFB60-7DB5-6744-C243-76C71CCC0BF7" otype="Relation" vid_source="DC961873-427F-21EB-4CEC-CFFFD374F19F" vid_target="A1D2DE17-F0CD-8982-27C1-747D4FFFEDE1">
<hideElementsInCurrentOnly>false</hideElementsInCurrentOnly>
<lineWidth>1</lineWidth>
<points>
<point x="1629" y="980"/>
<point x="1629" y="908"/>
</points>
</Connector>
<Connector class="oracle.dbtools.crest.swingui.logical.TVRelation" oid="CE505CAA-D526-23E4-6617-3DE0D7F83F7C" otype="Relation" vid_source="FCCE3020-5FE3-BB72-AEC2-1565929F7F08" vid_target="EF032C70-D506-E30F-116F-AC0D4BCC395F">
<hideElementsInCurrentOnly>false</hideElementsInCurrentOnly>
<lineWidth>1</lineWidth>
<points>
<point x="1198" y="798"/>
<point x="1198" y="844"/>
</points>
</Connector>
<Connector class="oracle.dbtools.crest.swingui.logical.TVRelation" oid="DADA1DC3-666B-01D2-F8B5-F29C2AC70B97" otype="Relation" vid_source="26CC4865-88CF-337C-23F6-575E741F5AAF" vid_target="9745A531-967F-E85A-15AF-338046AAB055">
<hideElementsInCurrentOnly>false</hideElementsInCurrentOnly>
<lineWidth>1</lineWidth>
<points>
<point x="668" y="984"/>
<point x="626" y="984"/>
</points>
</Connector>
<Connector class="oracle.dbtools.crest.swingui.logical.TVRelation" oid="DB7B73D4-D447-B0B5-D4AC-1BF7C3F865C3" otype="Relation" vid_source="F59B7097-E087-54D7-32CB-B1BF38DB3C9E" vid_target="3244C0CB-654A-934E-6420-573D55FD515A">
<hideElementsInCurrentOnly>false</hideElementsInCurrentOnly>
<lineWidth>1</lineWidth>
<points>
<point x="1188" y="1087"/>
<point x="1086" y="1087"/>
<point x="1086" y="1027"/>
</points>
</Connector>
<Connector class="oracle.dbtools.crest.swingui.logical.TVRelation" oid="E3A6C61A-E10C-B46B-5359-3C08396A364F" otype="Relation" vid_source="4863CE7E-444A-90D8-6105-EBB9EFA33105" vid_target="9DD94D0F-173F-37D7-70D1-42CA02EA4636">
<hideElementsInCurrentOnly>false</hideElementsInCurrentOnly>
<lineWidth>1</lineWidth>
<points>
<point x="1044" y="484"/>
<point x="707" y="484"/>
<point x="707" y="532"/>
</points>
</Connector>
<Connector class="oracle.dbtools.crest.swingui.logical.TVRelation" oid="E482ED2B-A20E-AA8F-52D2-2D7EBC4242E9" otype="Relation" vid_source="4863CE7E-444A-90D8-6105-EBB9EFA33105" vid_target="705D0FC6-ED8A-993C-0916-0A012B10309D">
<hideElementsInCurrentOnly>false</hideElementsInCurrentOnly>
<lineWidth>1</lineWidth>
<points>
<point x="1130" y="432"/>
<point x="1130" y="384"/>
</points>
</Connector>
<Connector class="oracle.dbtools.crest.swingui.logical.TVRelation" oid="EDA9A4CB-8378-C233-9C49-C8D5D84EEC82" otype="Relation" vid_source="E10FEE44-0249-EC99-2F40-B5D6ADF4E6AA" vid_target="71B969E2-5A1D-251B-2401-D55AD94DFA5D">
<hideElementsInCurrentOnly>false</hideElementsInCurrentOnly>
<lineWidth>1</lineWidth>
<points>
<point x="1652" y="385"/>
<point x="1652" y="444"/>
</points>
</Connector>
<Connector class="oracle.dbtools.crest.swingui.logical.TVRelation" oid="F8AD76D9-DC43-85B5-2EE4-00DAB0F12FD9" otype="Relation" vid_source="6FBB9B32-A479-D09B-D4CB-534E62C6E988" vid_target="705D0FC6-ED8A-993C-0916-0A012B10309D">
<hideElementsInCurrentOnly>false</hideElementsInCurrentOnly>
<lineWidth>1</lineWidth>
<points>
<point x="1001" y="329"/>
<point x="1046" y="329"/>
</points>
</Connector>
<Connector class="oracle.dbtools.crest.swingui.logical.TVRelation" oid="F94DE3F2-A384-FFB9-9BF1-FE25BEC335A5" otype="Relation" vid_source="FCCE3020-5FE3-BB72-AEC2-1565929F7F08" vid_target="3244C0CB-654A-934E-6420-573D55FD515A">
<hideElementsInCurrentOnly>false</hideElementsInCurrentOnly>
<lineWidth>1</lineWidth>
<points>
<point x="1089" y="798"/>
<point x="1089" y="917"/>
</points>
</Connector>
<Connector class="oracle.dbtools.crest.swingui.logical.TVRelation" oid="FB021FE1-AA50-C682-6CF3-71B5CA952268" otype="Relation" vid_source="26CC4865-88CF-337C-23F6-575E741F5AAF" vid_target="9C35A9E5-78E4-1755-AEE1-EF0C63DA4B66">
<hideElementsInCurrentOnly>false</hideElementsInCurrentOnly>
<lineWidth>1</lineWidth>
<points>
<point x="689" y="899"/>
<point x="689" y="808"/>
<point x="617" y="808"/>
</points>
</Connector>
</connectors>
<arcs>
<Arc class="oracle.dbtools.crest.swingui.logical.TVArc" oid="7FFF399A-4F11-E1D5-DA65-80E47DC20F26" otype="Arc" vid="A99A477F-2AFD-7461-37C3-20C2692D9C1E">
<hideElementsInCurrentOnly>false</hideElementsInCurrentOnly>
<bounds x="1024" y="412" width="210" height="149"/>
</Arc>
</arcs>
</Diagram>