<?xml version = '1.0' encoding = 'UTF-8'?>
<Diagram class="oracle.dbtools.crest.swingui.relational.DPVRelational" name="Relational_1" id="5E4439E8-6AF2-FC22-ABB8-8C3071141800">
<createdBy>rm76989</createdBy>
<modifiedBy>rm76989</modifiedBy>
<createdTime>2016-05-03 11:21:59 UTC</createdTime>
<autoRoute>false</autoRoute>
<boxInbox>true</boxInbox>
<showLegend>false</showLegend>
<showLabels>false</showLabels>
<showRelAttributes>false</showRelAttributes>
<gridEnabled>false</gridEnabled>
<showGrid>false</showGrid>
<diagramColor>-1</diagramColor>
<display>false</display>
<notation>1</notation>
<objectViews>
<OView class="oracle.dbtools.crest.swingui.relational.TVTable" oid="025845E8-D8A2-76AE-79A8-26EE2AE6209B" otype="Table" vid="3A634F73-9C45-2B16-18E5-9818FF47A747">
<hideElementsInCurrentOnly>false</hideElementsInCurrentOnly>
<bounds x="1052" y="237" width="275" height="125"/>
<useCustomFormat>true</useCustomFormat>
<useDefaultColor>false</useDefaultColor>
<backgroundColor>-256</backgroundColor>
<foregroundColor>-16776961</foregroundColor>
<fonts itemClass="oracle.dbtools.crest.model.design.FontObjectWr">
<FontObject>
<foType>Title</foType>
<fontStyle>1</fontStyle>
<colorRGB>-16776961</colorRGB>
</FontObject>
<FontObject>
<foType>Column</foType>
<colorRGB>-16777216</colorRGB>
</FontObject>
<FontObject>
<foType>Not Null</foType>
<colorRGB>-65536</colorRGB>
</FontObject>
<FontObject>
<foType>PK Element</foType>
<colorRGB>-16776961</colorRGB>
</FontObject>
<FontObject>
<foType>Datatype</foType>
<colorRGB>-16744448</colorRGB>
</FontObject>
<FontObject>
<foType>Key</foType>
<colorRGB>-16777216</colorRGB>
</FontObject>
</fonts>
</OView>
<OView class="oracle.dbtools.crest.swingui.relational.TVTable" oid="105EAF56-387A-3084-F61B-884616AFCC89" otype="Table" vid="086A6303-60C1-3D03-9A2D-D314BABCBFDA">
<hideElementsInCurrentOnly>false</hideElementsInCurrentOnly>
<bounds x="1756" y="417" width="218" height="136"/>
<useCustomFormat>true</useCustomFormat>
<useDefaultColor>false</useDefaultColor>
<backgroundColor>-13369447</backgroundColor>
<foregroundColor>-16776961</foregroundColor>
<fonts itemClass="oracle.dbtools.crest.model.design.FontObjectWr">
<FontObject>
<foType>Title</foType>
<fontStyle>1</fontStyle>
<colorRGB>-16776961</colorRGB>
</FontObject>
<FontObject>
<foType>Column</foType>
<colorRGB>-16777216</colorRGB>
</FontObject>
<FontObject>
<foType>Not Null</foType>
<colorRGB>-65536</colorRGB>
</FontObject>
<FontObject>
<foType>PK Element</foType>
<colorRGB>-16776961</colorRGB>
</FontObject>
<FontObject>
<foType>Datatype</foType>
<colorRGB>-16744448</colorRGB>
</FontObject>
<FontObject>
<foType>FK Element</foType>
<colorRGB>-16777216</colorRGB>
</FontObject>
<FontObject>
<foType>Key</foType>
<colorRGB>-16777216</colorRGB>
</FontObject>
</fonts>
</OView>
<OView class="oracle.dbtools.crest.swingui.relational.TVTable" oid="1D48AF84-2371-8E26-BCD2-F304E0F510D9" otype="Table" vid="D49B2032-3F72-3C5F-F1BB-9C9C551EA697">
<hideElementsInCurrentOnly>false</hideElementsInCurrentOnly>
<bounds x="6" y="935" width="240" height="94"/>
</OView>
<OView class="oracle.dbtools.crest.swingui.relational.TVTable" oid="2CE54D05-3009-2C86-2EA4-07E4D2951157" otype="Table" vid="9ADC8253-5029-642F-66A8-F6D7509EBA83">
<hideElementsInCurrentOnly>false</hideElementsInCurrentOnly>
<bounds x="1760" y="256" width="211" height="110"/>
<useCustomFormat>true</useCustomFormat>
<useDefaultColor>false</useDefaultColor>
<backgroundColor>-13369447</backgroundColor>
<foregroundColor>-16776961</foregroundColor>
<fonts itemClass="oracle.dbtools.crest.model.design.FontObjectWr">
<FontObject>
<foType>Title</foType>
<fontStyle>1</fontStyle>
<colorRGB>-16776961</colorRGB>
</FontObject>
<FontObject>
<foType>Column</foType>
<colorRGB>-16777216</colorRGB>
</FontObject>
<FontObject>
<foType>Not Null</foType>
<colorRGB>-65536</colorRGB>
</FontObject>
<FontObject>
<foType>PK Element</foType>
<colorRGB>-16776961</colorRGB>
</FontObject>
<FontObject>
<foType>Datatype</foType>
<colorRGB>-16744448</colorRGB>
</FontObject>
<FontObject>
<foType>Key</foType>
<colorRGB>-16777216</colorRGB>
</FontObject>
<FontObject>
<foType>UK Element</foType>
<colorRGB>-16776961</colorRGB>
</FontObject>
</fonts>
</OView>
<OView class="oracle.dbtools.crest.swingui.TVNote" oid="4757D958-7DA7-7786-394C-9FC412FAE7DC" otype="Note" vid="B7223E7D-6DC5-4583-A35F-7A22B0E690DC">
<hideElementsInCurrentOnly>false</hideElementsInCurrentOnly>
<bounds x="457" y="155" width="249" height="82"/>
<comment>76989 - Lucas Guilherme Barbosa Stern &lt;br/&gt;76557 - Matheus Tavares &lt;br/&gt;75949 - Christian Perrone&lt;br/&gt;</comment>
</OView>
<OView class="oracle.dbtools.crest.swingui.relational.TVTable" oid="4B888305-21B1-C898-C2D5-6E0F703885F8" otype="Table" vid="F82D7F6B-81C6-1885-58E9-BE566B67152F">
<hideElementsInCurrentOnly>false</hideElementsInCurrentOnly>
<bounds x="1344" y="686" width="313" height="125"/>
</OView>
<OView class="oracle.dbtools.crest.swingui.relational.TVTable" oid="4CF4FB8A-A69A-0EA9-2DA3-536EC7BCED90" otype="Table" vid="C2E4362A-F9AE-B85D-25C7-C60E477E63BD">
<hideElementsInCurrentOnly>false</hideElementsInCurrentOnly>
<bounds x="1337" y="396" width="281" height="152"/>
<useCustomFormat>true</useCustomFormat>
<useDefaultColor>false</useDefaultColor>
<backgroundColor>-256</backgroundColor>
<foregroundColor>-16776961</foregroundColor>
<fonts itemClass="oracle.dbtools.crest.model.design.FontObjectWr">
<FontObject>
<foType>Title</foType>
<fontStyle>1</fontStyle>
<colorRGB>-16776961</colorRGB>
</FontObject>
<FontObject>
<foType>Column</foType>
<colorRGB>-16777216</colorRGB>
</FontObject>
<FontObject>
<foType>Not Null</foType>
<colorRGB>-65536</colorRGB>
</FontObject>
<FontObject>
<foType>PK Element</foType>
<colorRGB>-16776961</colorRGB>
</FontObject>
<FontObject>
<foType>Datatype</foType>
<colorRGB>-16744448</colorRGB>
</FontObject>
<FontObject>
<foType>FK Element</foType>
<colorRGB>-16777216</colorRGB>
</FontObject>
<FontObject>
<foType>Key</foType>
<colorRGB>-16777216</colorRGB>
</FontObject>
</fonts>
</OView>
<OView class="oracle.dbtools.crest.swingui.relational.TVTable" oid="5456762A-5723-9823-8D6E-8A87CD6FDD6E" otype="Table" vid="F9786FB4-9461-FDAB-E52B-C8BD1CCD0254">
<hideElementsInCurrentOnly>false</hideElementsInCurrentOnly>
<bounds x="764" y="252" width="236" height="126"/>
<useCustomFormat>true</useCustomFormat>
<useDefaultColor>false</useDefaultColor>
<backgroundColor>-16711885</backgroundColor>
<foregroundColor>-16776961</foregroundColor>
<fonts itemClass="oracle.dbtools.crest.model.design.FontObjectWr">
<FontObject>
<foType>Title</foType>
<fontStyle>1</fontStyle>
<colorRGB>-16776961</colorRGB>
</FontObject>
<FontObject>
<foType>Column</foType>
<colorRGB>-16777216</colorRGB>
</FontObject>
<FontObject>
<foType>Not Null</foType>
<colorRGB>-65536</colorRGB>
</FontObject>
<FontObject>
<foType>PK Element</foType>
<colorRGB>-16776961</colorRGB>
</FontObject>
<FontObject>
<foType>Datatype</foType>
<colorRGB>-16744448</colorRGB>
</FontObject>
<FontObject>
<foType>FK Element</foType>
<colorRGB>-16777216</colorRGB>
</FontObject>
<FontObject>
<foType>Key</foType>
<colorRGB>-16777216</colorRGB>
</FontObject>
</fonts>
</OView>
<OView class="oracle.dbtools.crest.swingui.relational.TVTable" oid="6203087C-7677-610A-BBAE-0D5FF5A96B87" otype="Table" vid="53FD0434-82E5-A3F7-7775-D8370D27501D">
<hideElementsInCurrentOnly>false</hideElementsInCurrentOnly>
<bounds x="965" y="1226" width="263" height="92"/>
</OView>
<OView class="oracle.dbtools.crest.swingui.relational.TVTable" oid="72482280-2638-6FE8-30DE-09A3ABE324A6" otype="Table" vid="B26D0184-48A5-6763-6266-2AF64E8E7925">
<hideElementsInCurrentOnly>false</hideElementsInCurrentOnly>
<bounds x="609" y="1189" width="276" height="165"/>
<useCustomFormat>true</useCustomFormat>
<useDefaultColor>false</useDefaultColor>
<backgroundColor>-205</backgroundColor>
<foregroundColor>-16776961</foregroundColor>
<fonts itemClass="oracle.dbtools.crest.model.design.FontObjectWr">
<FontObject>
<foType>Title</foType>
<fontStyle>1</fontStyle>
<colorRGB>-16776961</colorRGB>
</FontObject>
<FontObject>
<foType>Column</foType>
<colorRGB>-16777216</colorRGB>
</FontObject>
<FontObject>
<foType>Not Null</foType>
<colorRGB>-65536</colorRGB>
</FontObject>
<FontObject>
<foType>PK Element</foType>
<colorRGB>-16776961</colorRGB>
</FontObject>
<FontObject>
<foType>Datatype</foType>
<colorRGB>-16744448</colorRGB>
</FontObject>
<FontObject>
<foType>FK Element</foType>
<colorRGB>-16777216</colorRGB>
</FontObject>
<FontObject>
<foType>Key</foType>
<colorRGB>-16777216</colorRGB>
</FontObject>
</fonts>
</OView>
<OView class="oracle.dbtools.crest.swingui.relational.TVTable" oid="7293FFAE-E539-8234-90AD-924E4FA102E5" otype="Table" vid="2B72F8CB-09D2-98B7-09F7-BDC222397769">
<hideElementsInCurrentOnly>false</hideElementsInCurrentOnly>
<bounds x="777" y="696" width="238" height="98"/>
</OView>
<OView class="oracle.dbtools.crest.swingui.relational.TVTable" oid="89971B01-D6BE-0BC4-7DE5-2AB520C0690A" otype="Table" vid="0B4D7DED-F15B-260E-6E97-78D2E32C0C0B">
<hideElementsInCurrentOnly>false</hideElementsInCurrentOnly>
<bounds x="1776" y="812" width="195" height="110"/>
<useCustomFormat>true</useCustomFormat>
<useDefaultColor>false</useDefaultColor>
<backgroundColor>-13369447</backgroundColor>
<foregroundColor>-16776961</foregroundColor>
<fonts itemClass="oracle.dbtools.crest.model.design.FontObjectWr">
<FontObject>
<foType>Title</foType>
<fontStyle>1</fontStyle>
<colorRGB>-16776961</colorRGB>
</FontObject>
<FontObject>
<foType>Column</foType>
<colorRGB>-16777216</colorRGB>
</FontObject>
<FontObject>
<foType>Not Null</foType>
<colorRGB>-65536</colorRGB>
</FontObject>
<FontObject>
<foType>PK Element</foType>
<colorRGB>-16776961</colorRGB>
</FontObject>
<FontObject>
<foType>Datatype</foType>
<colorRGB>-16744448</colorRGB>
</FontObject>
<FontObject>
<foType>FK Element</foType>
<colorRGB>-16777216</colorRGB>
</FontObject>
<FontObject>
<foType>Key</foType>
<colorRGB>-16777216</colorRGB>
</FontObject>
</fonts>
</OView>
<OView class="oracle.dbtools.crest.swingui.relational.TVTable" oid="8C3ADFB7-1D66-66D7-0AA7-22CF8D6F93E4" otype="Table" vid="036EFB06-2409-DC91-5597-48E3EB093293">
<hideElementsInCurrentOnly>false</hideElementsInCurrentOnly>
<bounds x="348" y="717" width="284" height="130"/>
<useCustomFormat>true</useCustomFormat>
<useDefaultColor>false</useDefaultColor>
<backgroundColor>-256</backgroundColor>
<foregroundColor>-16776961</foregroundColor>
<fonts itemClass="oracle.dbtools.crest.model.design.FontObjectWr">
<FontObject>
<foType>Title</foType>
<fontStyle>1</fontStyle>
<colorRGB>-16776961</colorRGB>
</FontObject>
<FontObject>
<foType>Column</foType>
<colorRGB>-16777216</colorRGB>
</FontObject>
<FontObject>
<foType>Not Null</foType>
<colorRGB>-65536</colorRGB>
</FontObject>
<FontObject>
<foType>PK Element</foType>
<colorRGB>-16776961</colorRGB>
</FontObject>
<FontObject>
<foType>Datatype</foType>
<colorRGB>-16744448</colorRGB>
</FontObject>
<FontObject>
<foType>Key</foType>
<colorRGB>-16777216</colorRGB>
</FontObject>
</fonts>
</OView>
<OView class="oracle.dbtools.crest.swingui.relational.TVTable" oid="8DFAAC05-399B-5A74-71AB-8C510C47AB5D" otype="Table" vid="B245F975-BDD1-72D2-CE60-81214D4A7D8B">
<hideElementsInCurrentOnly>false</hideElementsInCurrentOnly>
<bounds x="549" y="502" width="266" height="177"/>
</OView>
<OView class="oracle.dbtools.crest.swingui.relational.TVTable" oid="94E17687-9AF8-339C-B99E-325A12B93B9E" otype="Table" vid="D42E89AC-DFD3-8092-E4D9-A93E30EEC794">
<hideElementsInCurrentOnly>false</hideElementsInCurrentOnly>
<bounds x="1765" y="1010" width="215" height="111"/>
<useCustomFormat>true</useCustomFormat>
<useDefaultColor>false</useDefaultColor>
<backgroundColor>-13369447</backgroundColor>
<foregroundColor>-16776961</foregroundColor>
<fonts itemClass="oracle.dbtools.crest.model.design.FontObjectWr">
<FontObject>
<foType>Title</foType>
<fontStyle>1</fontStyle>
<colorRGB>-16776961</colorRGB>
</FontObject>
<FontObject>
<foType>Column</foType>
<colorRGB>-16777216</colorRGB>
</FontObject>
<FontObject>
<foType>Not Null</foType>
<colorRGB>-65536</colorRGB>
</FontObject>
<FontObject>
<foType>PK Element</foType>
<colorRGB>-16776961</colorRGB>
</FontObject>
<FontObject>
<foType>Datatype</foType>
<colorRGB>-16744448</colorRGB>
</FontObject>
<FontObject>
<foType>Key</foType>
<colorRGB>-16777216</colorRGB>
</FontObject>
<FontObject>
<foType>UK Element</foType>
<colorRGB>-16776961</colorRGB>
</FontObject>
</fonts>
</OView>
<OView class="oracle.dbtools.crest.swingui.relational.TVTable" oid="9C04CA07-FCDC-E748-8412-3C35D1089F60" otype="Table" vid="EBB32884-7EF9-0C8F-B8F5-FBF3AAA5F20F">
<hideElementsInCurrentOnly>false</hideElementsInCurrentOnly>
<bounds x="1044" y="432" width="202" height="81"/>
</OView>
<OView class="oracle.dbtools.crest.swingui.relational.TVTable" oid="A397EB3A-AB15-4080-E9FA-D6958764EC7F" otype="Table" vid="E8229041-33B8-256A-027F-F9044A68DFE6">
<hideElementsInCurrentOnly>false</hideElementsInCurrentOnly>
<bounds x="305" y="912" width="278" height="164"/>
<useCustomFormat>true</useCustomFormat>
<useDefaultColor>false</useDefaultColor>
<backgroundColor>-205</backgroundColor>
<foregroundColor>-16776961</foregroundColor>
<fonts itemClass="oracle.dbtools.crest.model.design.FontObjectWr">
<FontObject>
<foType>Title</foType>
<fontStyle>1</fontStyle>
<colorRGB>-16776961</colorRGB>
</FontObject>
<FontObject>
<foType>Column</foType>
<colorRGB>-16777216</colorRGB>
</FontObject>
<FontObject>
<foType>Not Null</foType>
<colorRGB>-65536</colorRGB>
</FontObject>
<FontObject>
<foType>PK Element</foType>
<colorRGB>-16776961</colorRGB>
</FontObject>
<FontObject>
<foType>Datatype</foType>
<colorRGB>-16744448</colorRGB>
</FontObject>
<FontObject>
<foType>FK Element</foType>
<colorRGB>-16777216</colorRGB>
</FontObject>
<FontObject>
<foType>Key</foType>
<colorRGB>-16777216</colorRGB>
</FontObject>
</fonts>
</OView>
<OView class="oracle.dbtools.crest.swingui.relational.TVTable" oid="A5A69E3E-443B-C861-43D8-46CAABEFEC30" otype="Table" vid="CEAA6D7B-C96E-2BF6-8081-DF0B09C61696">
<hideElementsInCurrentOnly>false</hideElementsInCurrentOnly>
<bounds x="771" y="89" width="227" height="89"/>
<useCustomFormat>true</useCustomFormat>
<useDefaultColor>false</useDefaultColor>
<backgroundColor>-16711885</backgroundColor>
<foregroundColor>-16776961</foregroundColor>
<fonts itemClass="oracle.dbtools.crest.model.design.FontObjectWr">
<FontObject>
<foType>Title</foType>
<fontStyle>1</fontStyle>
<colorRGB>-16776961</colorRGB>
</FontObject>
<FontObject>
<foType>Column</foType>
<colorRGB>-16777216</colorRGB>
</FontObject>
<FontObject>
<foType>Not Null</foType>
<colorRGB>-65536</colorRGB>
</FontObject>
<FontObject>
<foType>PK Element</foType>
<colorRGB>-16776961</colorRGB>
</FontObject>
<FontObject>
<foType>Datatype</foType>
<colorRGB>-16744448</colorRGB>
</FontObject>
<FontObject>
<foType>Key</foType>
<colorRGB>-16777216</colorRGB>
</FontObject>
<FontObject>
<foType>UK Element</foType>
<colorRGB>-16776961</colorRGB>
</FontObject>
</fonts>
</OView>
<OView class="oracle.dbtools.crest.swingui.relational.TVTable" oid="B18BE6A8-616B-067B-2499-1A998927DADA" otype="Table" vid="3AB4D46A-F32D-68D0-FD0E-CA9F95BCF985">
<hideElementsInCurrentOnly>false</hideElementsInCurrentOnly>
<bounds x="51" y="729" width="201" height="117"/>
</OView>
<OView class="oracle.dbtools.crest.swingui.relational.TVTable" oid="B7945A60-4DF6-D66C-5A00-6B04BC707E2F" otype="Table" vid="B22C1445-C2FA-48A6-C041-774FFD323721">
<hideElementsInCurrentOnly>false</hideElementsInCurrentOnly>
<bounds x="1042" y="643" width="226" height="191"/>
</OView>
<OView class="oracle.dbtools.crest.swingui.relational.TVTable" oid="E8218008-D9B9-C456-42D7-4C6F95E09855" otype="Table" vid="FF92D313-3E1E-8269-14CF-F5E613AC2866">
<hideElementsInCurrentOnly>false</hideElementsInCurrentOnly>
<bounds x="640" y="881" width="277" height="261"/>
</OView>
<OView class="oracle.dbtools.crest.swingui.relational.TVTable" oid="ED334D69-1A8E-FFFA-F694-B5E04DCC09D4" otype="Table" vid="8236AEDC-DAFD-B968-63D5-9AD4B90B70A7">
<hideElementsInCurrentOnly>false</hideElementsInCurrentOnly>
<bounds x="1268" y="1092" width="220" height="90"/>
</OView>
<OView class="oracle.dbtools.crest.swingui.relational.TVTable" oid="F2ED36A9-F5B5-E467-A8A2-F2637B28A983" otype="Table" vid="C5D2AE9F-F520-DE64-BB37-1C41D9262B7C">
<hideElementsInCurrentOnly>false</hideElementsInCurrentOnly>
<bounds x="1005" y="926" width="288" height="112"/>
<useCustomFormat>true</useCustomFormat>
<useDefaultColor>false</useDefaultColor>
<backgroundColor>-205</backgroundColor>
<foregroundColor>-16776961</foregroundColor>
<fonts itemClass="oracle.dbtools.crest.model.design.FontObjectWr">
<FontObject>
<foType>Title</foType>
<fontStyle>1</fontStyle>
<colorRGB>-16776961</colorRGB>
</FontObject>
<FontObject>
<foType>Column</foType>
<colorRGB>-16777216</colorRGB>
</FontObject>
<FontObject>
<foType>Not Null</foType>
<colorRGB>-65536</colorRGB>
</FontObject>
<FontObject>
<foType>PK Element</foType>
<colorRGB>-16776961</colorRGB>
</FontObject>
<FontObject>
<foType>Datatype</foType>
<colorRGB>-16744448</colorRGB>
</FontObject>
<FontObject>
<foType>Key</foType>
<colorRGB>-16777216</colorRGB>
</FontObject>
</fonts>
</OView>
<OView class="oracle.dbtools.crest.swingui.relational.TVTable" oid="FDA7F509-CC5A-CC19-FB93-1828B51245B9" otype="Table" vid="79CC9F42-A933-9074-F4DA-136983B6B1E9">
<hideElementsInCurrentOnly>false</hideElementsInCurrentOnly>
<bounds x="1777" y="633" width="188" height="110"/>
<useCustomFormat>true</useCustomFormat>
<useDefaultColor>false</useDefaultColor>
<backgroundColor>-13369447</backgroundColor>
<foregroundColor>-16776961</foregroundColor>
<fonts itemClass="oracle.dbtools.crest.model.design.FontObjectWr">
<FontObject>
<foType>Title</foType>
<fontStyle>1</fontStyle>
<colorRGB>-16776961</colorRGB>
</FontObject>
<FontObject>
<foType>Column</foType>
<colorRGB>-16777216</colorRGB>
</FontObject>
<FontObject>
<foType>Not Null</foType>
<colorRGB>-65536</colorRGB>
</FontObject>
<FontObject>
<foType>PK Element</foType>
<colorRGB>-16776961</colorRGB>
</FontObject>
<FontObject>
<foType>Datatype</foType>
<colorRGB>-16744448</colorRGB>
</FontObject>
<FontObject>
<foType>FK Element</foType>
<colorRGB>-16777216</colorRGB>
</FontObject>
<FontObject>
<foType>Key</foType>
<colorRGB>-16777216</colorRGB>
</FontObject>
</fonts>
</OView>
</objectViews>
<connectors>
<Connector class="oracle.dbtools.crest.swingui.relational.TVFKRelation" oid="03990449-A988-ACB7-2D01-DA8B92F5508D" otype="FKIndexAssociation" vid_source="8236AEDC-DAFD-B968-63D5-9AD4B90B70A7" vid_target="C5D2AE9F-F520-DE64-BB37-1C41D9262B7C">
<hideElementsInCurrentOnly>false</hideElementsInCurrentOnly>
<lineWidth>1</lineWidth>
<points>
<point x="1268" y="1142"/>
<point x="1150" y="1142"/>
<point x="1150" y="1038"/>
</points>
</Connector>
<Connector class="oracle.dbtools.crest.swingui.relational.TVFKRelation" oid="120933A4-1928-9407-C241-0E70DC946734" otype="FKIndexAssociation" vid_source="B22C1445-C2FA-48A6-C041-774FFD323721" vid_target="C5D2AE9F-F520-DE64-BB37-1C41D9262B7C">
<hideElementsInCurrentOnly>false</hideElementsInCurrentOnly>
<lineWidth>1</lineWidth>
<points>
<point x="1155" y="834"/>
<point x="1155" y="926"/>
</points>
</Connector>
<Connector class="oracle.dbtools.crest.swingui.relational.TVFKRelation" oid="129937DC-5B2F-EE36-5D6B-35C0A4344EAA" otype="FKIndexAssociation" vid_source="EBB32884-7EF9-0C8F-B8F5-FBF3AAA5F20F" vid_target="3A634F73-9C45-2B16-18E5-9818FF47A747">
<hideElementsInCurrentOnly>false</hideElementsInCurrentOnly>
<lineWidth>1</lineWidth>
<points>
<point x="1149" y="432"/>
<point x="1149" y="362"/>
</points>
</Connector>
<Connector class="oracle.dbtools.crest.swingui.relational.TVFKRelation" oid="15C5F085-CF95-3134-F047-B8C441ABB0C2" otype="FKIndexAssociation" vid_source="EBB32884-7EF9-0C8F-B8F5-FBF3AAA5F20F" vid_target="2B72F8CB-09D2-98B7-09F7-BDC222397769">
<hideElementsInCurrentOnly>false</hideElementsInCurrentOnly>
<lineWidth>1</lineWidth>
<points>
<point x="1044" y="511"/>
<point x="910" y="511"/>
<point x="910" y="696"/>
</points>
</Connector>
<Connector class="oracle.dbtools.crest.swingui.relational.TVFKRelation" oid="1B273B3C-1035-AE81-033E-748BDADA8315" otype="FKIndexAssociation" vid_source="EBB32884-7EF9-0C8F-B8F5-FBF3AAA5F20F" vid_target="B22C1445-C2FA-48A6-C041-774FFD323721">
<hideElementsInCurrentOnly>false</hideElementsInCurrentOnly>
<lineWidth>1</lineWidth>
<points>
<point x="1145" y="513"/>
<point x="1145" y="643"/>
</points>
</Connector>
<Connector class="oracle.dbtools.crest.swingui.relational.TVFKRelation" oid="2A3DE427-9B82-D05C-83BE-49C16A7AD882" otype="FKIndexAssociation" vid_source="FF92D313-3E1E-8269-14CF-F5E613AC2866" vid_target="036EFB06-2409-DC91-5597-48E3EB093293">
<hideElementsInCurrentOnly>false</hideElementsInCurrentOnly>
<lineWidth>1</lineWidth>
<points>
<point x="690" y="881"/>
<point x="690" y="789"/>
<point x="632" y="789"/>
</points>
</Connector>
<Connector class="oracle.dbtools.crest.swingui.relational.TVFKRelation" oid="3ABC6EB3-91DA-A46A-13C2-894B70F5BA10" otype="FKIndexAssociation" vid_source="C5D2AE9F-F520-DE64-BB37-1C41D9262B7C" vid_target="FF92D313-3E1E-8269-14CF-F5E613AC2866">
<hideElementsInCurrentOnly>false</hideElementsInCurrentOnly>
<lineWidth>1</lineWidth>
<points>
<point x="1005" y="982"/>
<point x="917" y="982"/>
</points>
</Connector>
<Connector class="oracle.dbtools.crest.swingui.relational.TVFKRelation" oid="3C30A82E-2769-CD42-FDFF-6F432ED9ECF8" otype="FKIndexAssociation" vid_source="D42E89AC-DFD3-8092-E4D9-A93E30EEC794" vid_target="0B4D7DED-F15B-260E-6E97-78D2E32C0C0B">
<hideElementsInCurrentOnly>false</hideElementsInCurrentOnly>
<lineWidth>1</lineWidth>
<points>
<point x="1873" y="1010"/>
<point x="1873" y="922"/>
</points>
</Connector>
<Connector class="oracle.dbtools.crest.swingui.relational.TVFKRelation" oid="4542B7E6-1583-74A9-E972-32AB2BDF4914" otype="FKIndexAssociation" vid_source="79CC9F42-A933-9074-F4DA-136983B6B1E9" vid_target="086A6303-60C1-3D03-9A2D-D314BABCBFDA">
<hideElementsInCurrentOnly>false</hideElementsInCurrentOnly>
<lineWidth>1</lineWidth>
<points>
<point x="1871" y="633"/>
<point x="1871" y="553"/>
</points>
</Connector>
<Connector class="oracle.dbtools.crest.swingui.relational.TVFKRelation" oid="4BE26C42-B441-B480-86F8-9A9B74BEAE54" otype="FKIndexAssociation" vid_source="F9786FB4-9461-FDAB-E52B-C8BD1CCD0254" vid_target="3A634F73-9C45-2B16-18E5-9818FF47A747">
<hideElementsInCurrentOnly>false</hideElementsInCurrentOnly>
<lineWidth>1</lineWidth>
<points>
<point x="1000" y="307"/>
<point x="1052" y="307"/>
</points>
</Connector>
<Connector class="oracle.dbtools.crest.swingui.relational.TVFKRelation" oid="5E1707C1-2BA2-D265-2023-1E7673CB0F8A" otype="FKIndexAssociation" vid_source="EBB32884-7EF9-0C8F-B8F5-FBF3AAA5F20F" vid_target="C2E4362A-F9AE-B85D-25C7-C60E477E63BD">
<hideElementsInCurrentOnly>false</hideElementsInCurrentOnly>
<lineWidth>1</lineWidth>
<points>
<point x="1246" y="472"/>
<point x="1337" y="472"/>
</points>
</Connector>
<Connector class="oracle.dbtools.crest.swingui.relational.TVFKRelation" oid="6080FCA2-A936-4BAF-FB45-A2A91B2565AF" otype="FKIndexAssociation" vid_source="FF92D313-3E1E-8269-14CF-F5E613AC2866" vid_target="E8229041-33B8-256A-027F-F9044A68DFE6">
<hideElementsInCurrentOnly>false</hideElementsInCurrentOnly>
<lineWidth>1</lineWidth>
<points>
<point x="640" y="994"/>
<point x="583" y="994"/>
</points>
</Connector>
<Connector class="oracle.dbtools.crest.swingui.relational.TVFKRelation" oid="6E81BE3B-C86A-D241-14DF-174AC413FEE5" otype="FKIndexAssociation" vid_source="53FD0434-82E5-A3F7-7775-D8370D27501D" vid_target="B26D0184-48A5-6763-6266-2AF64E8E7925">
<hideElementsInCurrentOnly>false</hideElementsInCurrentOnly>
<lineWidth>1</lineWidth>
<points>
<point x="965" y="1272"/>
<point x="885" y="1272"/>
</points>
</Connector>
<Connector class="oracle.dbtools.crest.swingui.relational.TVFKRelation" oid="755A0D2F-A232-4E6E-5F17-A6161074AB09" otype="FKIndexAssociation" vid_source="FF92D313-3E1E-8269-14CF-F5E613AC2866" vid_target="B26D0184-48A5-6763-6266-2AF64E8E7925">
<hideElementsInCurrentOnly>false</hideElementsInCurrentOnly>
<lineWidth>1</lineWidth>
<points>
<point x="762" y="1142"/>
<point x="762" y="1189"/>
</points>
</Connector>
<Connector class="oracle.dbtools.crest.swingui.relational.TVFKRelation" oid="957D0333-AFAA-6CE0-3E3B-033FBC28C188" otype="FKIndexAssociation" vid_source="2B72F8CB-09D2-98B7-09F7-BDC222397769" vid_target="FF92D313-3E1E-8269-14CF-F5E613AC2866">
<hideElementsInCurrentOnly>false</hideElementsInCurrentOnly>
<lineWidth>1</lineWidth>
<points>
<point x="886" y="794"/>
<point x="886" y="824"/>
<point x="886" y="881"/>
</points>
</Connector>
<Connector class="oracle.dbtools.crest.swingui.relational.TVFKRelation" oid="AF009AD6-D122-6558-713B-2E7A47E295F5" otype="FKIndexAssociation" vid_source="EBB32884-7EF9-0C8F-B8F5-FBF3AAA5F20F" vid_target="B245F975-BDD1-72D2-CE60-81214D4A7D8B">
<hideElementsInCurrentOnly>false</hideElementsInCurrentOnly>
<lineWidth>1</lineWidth>
<points>
<point x="1044" y="462"/>
<point x="686" y="462"/>
<point x="686" y="502"/>
</points>
</Connector>
<Connector class="oracle.dbtools.crest.swingui.relational.TVFKRelation" oid="B7A93B54-48C8-9A35-AD0E-6F2370223A9A" otype="FKIndexAssociation" vid_source="0B4D7DED-F15B-260E-6E97-78D2E32C0C0B" vid_target="79CC9F42-A933-9074-F4DA-136983B6B1E9">
<hideElementsInCurrentOnly>false</hideElementsInCurrentOnly>
<lineWidth>1</lineWidth>
<points>
<point x="1871" y="812"/>
<point x="1871" y="743"/>
</points>
</Connector>
<Connector class="oracle.dbtools.crest.swingui.relational.TVFKRelation" oid="C7875DE2-5834-B7FD-80A8-CABC738CDB31" otype="FKIndexAssociation" vid_source="B22C1445-C2FA-48A6-C041-774FFD323721" vid_target="F82D7F6B-81C6-1885-58E9-BE566B67152F">
<hideElementsInCurrentOnly>false</hideElementsInCurrentOnly>
<lineWidth>1</lineWidth>
<points>
<point x="1268" y="748"/>
<point x="1344" y="748"/>
</points>
</Connector>
<Connector class="oracle.dbtools.crest.swingui.relational.TVFKRelation" oid="D129A823-FB74-2C2F-FEC9-BF0D17596B7B" otype="FKIndexAssociation" vid_source="9ADC8253-5029-642F-66A8-F6D7509EBA83" vid_target="086A6303-60C1-3D03-9A2D-D314BABCBFDA">
<hideElementsInCurrentOnly>false</hideElementsInCurrentOnly>
<lineWidth>1</lineWidth>
<points>
<point x="1865" y="366"/>
<point x="1865" y="417"/>
</points>
</Connector>
<Connector class="oracle.dbtools.crest.swingui.relational.TVFKRelation" oid="D1FCBC53-29CD-E30B-A9E9-503D8D440129" otype="FKIndexAssociation" vid_source="086A6303-60C1-3D03-9A2D-D314BABCBFDA" vid_target="C2E4362A-F9AE-B85D-25C7-C60E477E63BD">
<hideElementsInCurrentOnly>false</hideElementsInCurrentOnly>
<lineWidth>1</lineWidth>
<points>
<point x="1756" y="482"/>
<point x="1618" y="482"/>
</points>
</Connector>
<Connector class="oracle.dbtools.crest.swingui.relational.TVFKRelation" oid="DD54FE34-9D32-519E-F2B9-940DA609F47F" otype="FKIndexAssociation" vid_source="CEAA6D7B-C96E-2BF6-8081-DF0B09C61696" vid_target="F9786FB4-9461-FDAB-E52B-C8BD1CCD0254">
<hideElementsInCurrentOnly>false</hideElementsInCurrentOnly>
<lineWidth>1</lineWidth>
<points>
<point x="884" y="178"/>
<point x="884" y="252"/>
</points>
</Connector>
<Connector class="oracle.dbtools.crest.swingui.relational.TVFKRelation" oid="E36964EC-E15C-BBC1-6EC1-8AC3369237AB" otype="FKIndexAssociation" vid_source="D49B2032-3F72-3C5F-F1BB-9C9C551EA697" vid_target="E8229041-33B8-256A-027F-F9044A68DFE6">
<hideElementsInCurrentOnly>false</hideElementsInCurrentOnly>
<lineWidth>1</lineWidth>
<points>
<point x="246" y="982"/>
<point x="305" y="982"/>
</points>
</Connector>
<Connector class="oracle.dbtools.crest.swingui.relational.TVFKRelation" oid="F7D2CA16-0826-9EAA-C267-C32B9EDD7B70" otype="FKIndexAssociation" vid_source="3AB4D46A-F32D-68D0-FD0E-CA9F95BCF985" vid_target="036EFB06-2409-DC91-5597-48E3EB093293">
<hideElementsInCurrentOnly>false</hideElementsInCurrentOnly>
<lineWidth>1</lineWidth>
<points>
<point x="252" y="787"/>
<point x="348" y="787"/>
</points>
</Connector>
<Connector class="oracle.dbtools.crest.swingui.relational.TVFKRelation" oid="FEB9470C-06F3-1D6B-C476-446E92C4B39E" otype="FKIndexAssociation" vid_source="B245F975-BDD1-72D2-CE60-81214D4A7D8B" vid_target="FF92D313-3E1E-8269-14CF-F5E613AC2866">
<hideElementsInCurrentOnly>false</hideElementsInCurrentOnly>
<lineWidth>1</lineWidth>
<points>
<point x="727" y="679"/>
<point x="727" y="881"/>
</points>
</Connector>
</connectors>
<arcs>
<Arc class="oracle.dbtools.crest.swingui.relational.TVFKArc" oid="B71827A1-12FC-EBAA-7AC2-507F35763A9B" otype="FKArc" vid="CF539198-5784-BA62-2F70-5861EC292E7B">
<hideElementsInCurrentOnly>false</hideElementsInCurrentOnly>
<bounds x="1024" y="412" width="242" height="121"/>
</Arc>
</arcs>
</Diagram>