<?xml version = '1.0' encoding = 'UTF-8'?>
<Table class="oracle.dbtools.crest.model.design.relational.Table" directorySegmentName="seg_0" id="89971B01-D6BE-0BC4-7DE5-2AB520C0690A" name="T_AM_ART_CIDADE">
<createdBy>rm76989</createdBy>
<createdTime>2016-09-01 10:03:42 UTC</createdTime>
<generatorID>4858C628-F380-0FD8-1CB2-C7EDB1AC47CC</generatorID>
<ownerDesignName>Nac Rita</ownerDesignName>
<ordsAlias>t_cpcdh_cidade</ordsAlias>
<allowColumnReorder>false</allowColumnReorder>
<existDependencyGenerateInDDl>true</existDependencyGenerateInDDl>
<parsed>true</parsed>
<columns itemClass="oracle.dbtools.crest.model.design.relational.Column">
<Column name="cd_cidade" id="F4B94D91-A2FE-3CB5-25A7-CCC5A63B0183">
<createdBy>rm76989</createdBy>
<createdTime>2016-09-01 10:03:42 UTC</createdTime>
<generatorID>38704C74-8C39-1F00-B1B1-0FCC32999CCE</generatorID>
<ownerDesignName>Nac Rita</ownerDesignName>
<useDomainConstraints>false</useDomainConstraints>
<use>1</use>
<logicalDatatype>LOGDT019</logicalDatatype>
<dataTypePrecision>4</dataTypePrecision>
<ownDataTypeParameters>,4,</ownDataTypeParameters>
<autoIncrementCycle>false</autoIncrementCycle>
</Column>
<Column name="cd_estado" id="0793371F-1522-5790-F960-74B64CA3999D">
<createdBy>rm76989</createdBy>
<createdTime>2016-09-01 10:03:42 UTC</createdTime>
<generatorID>EA6EC57F-DE30-665F-5181-DF4B435C6828</generatorID>
<ownerDesignName>Nac Rita</ownerDesignName>
<useDomainConstraints>false</useDomainConstraints>
<use>1</use>
<logicalDatatype>LOGDT019</logicalDatatype>
<dataTypePrecision>2</dataTypePrecision>
<ownDataTypeParameters>,,</ownDataTypeParameters>
<previousColumn>false</previousColumn>
<autoIncrementCycle>false</autoIncrementCycle>
<associations>
<colAssociation fkAssociation="3C30A82E-2769-CD42-FDFF-6F432ED9ECF8" referredColumn="006EF0FB-C26E-528B-C455-6CED9DF97A1A"/>
</associations>
</Column>
<Column name="nm_cidade" id="1D4D041B-2E8D-9335-E974-934C8DDBA151">
<createdBy>rm76989</createdBy>
<createdTime>2016-09-01 10:03:42 UTC</createdTime>
<generatorID>B6375A58-668A-1BBF-9E34-6AA8360CF596</generatorID>
<ownerDesignName>Nac Rita</ownerDesignName>
<useDomainConstraints>false</useDomainConstraints>
<use>1</use>
<logicalDatatype>LOGDT024</logicalDatatype>
<dataTypeSize>20</dataTypeSize>
<ownDataTypeParameters>20,,</ownDataTypeParameters>
<autoIncrementCycle>false</autoIncrementCycle>
</Column>
</columns>
<indexes itemClass="oracle.dbtools.crest.model.design.relational.Index">
<ind_PK_UK id="E4B6B679-371F-2A87-8E98-E1FB140F26D0" name="PK_AM_ART_CIDADE">
<createdBy>rm76989</createdBy>
<createdTime>2016-09-01 10:03:42 UTC</createdTime>
<generatorID>4E0C215E-2ACC-5E67-F6D2-75F242702B3A</generatorID>
<ownerDesignName>Nac Rita</ownerDesignName>
<pk>true</pk>
<indexState>Primary Constraint</indexState>
<isSurrogateKey>false</isSurrogateKey>
<indexColumnUsage>
<colUsage columnID="F4B94D91-A2FE-3CB5-25A7-CCC5A63B0183"/>
</indexColumnUsage>
</ind_PK_UK>
<ind_PK_UK id="1ED535A4-E07D-A856-95E1-8A0398EE4F64" name="FK_AM_ART_ESTADO">
<createdBy>rm76989</createdBy>
<createdTime>2016-09-01 10:03:43 UTC</createdTime>
<generatorID>C62DFB60-7DB5-6744-C243-76C71CCC0BF7</generatorID>
<ownerDesignName>Nac Rita</ownerDesignName>
<indexState>Foreign Key</indexState>
<isSurrogateKey>false</isSurrogateKey>
<indexColumnUsage>
<colUsage columnID="0793371F-1522-5790-F960-74B64CA3999D"/>
</indexColumnUsage>
</ind_PK_UK>
</indexes>
</Table>