<?xml version = '1.0' encoding = 'UTF-8'?>
<Table class="oracle.dbtools.crest.model.design.relational.Table" directorySegmentName="seg_0" id="A5A69E3E-443B-C861-43D8-46CAABEFEC30" name="T_AM_ART_TIPO_FONE">
<createdBy>rm76989</createdBy>
<createdTime>2016-09-01 10:03:42 UTC</createdTime>
<generatorID>8EC6E59F-5FFE-E254-D659-16D1D017B736</generatorID>
<ownerDesignName>Nac Rita</ownerDesignName>
<ordsAlias>t_am_tipo_fone</ordsAlias>
<allowColumnReorder>false</allowColumnReorder>
<existDependencyGenerateInDDl>true</existDependencyGenerateInDDl>
<parsed>true</parsed>
<columns itemClass="oracle.dbtools.crest.model.design.relational.Column">
<Column name="cd_tipo_fone" id="BCF529D2-88C4-8612-5BCD-11056EBD42EF">
<createdBy>rm76989</createdBy>
<createdTime>2016-09-01 10:03:42 UTC</createdTime>
<generatorID>D9E76C42-5432-5938-F97F-12FA31805DCB</generatorID>
<ownerDesignName>Nac Rita</ownerDesignName>
<useDomainConstraints>false</useDomainConstraints>
<use>1</use>
<logicalDatatype>LOGDT019</logicalDatatype>
<dataTypePrecision>2</dataTypePrecision>
<ownDataTypeParameters>,2,</ownDataTypeParameters>
<autoIncrementCycle>false</autoIncrementCycle>
</Column>
<Column name="ds_tipo_fone" id="93B2DC24-F176-2D07-DB98-B283ADABB206">
<createdBy>rm76989</createdBy>
<createdTime>2016-09-01 10:03:42 UTC</createdTime>
<generatorID>D94D6726-8F5A-9580-B1B1-CDA4A1E35BD0</generatorID>
<ownerDesignName>Nac Rita</ownerDesignName>
<useDomainConstraints>false</useDomainConstraints>
<use>1</use>
<logicalDatatype>LOGDT024</logicalDatatype>
<dataTypeSize>20</dataTypeSize>
<ownDataTypeParameters>20,,</ownDataTypeParameters>
<autoIncrementCycle>false</autoIncrementCycle>
</Column>
</columns>
<indexes itemClass="oracle.dbtools.crest.model.design.relational.Index">
<ind_PK_UK id="93952B19-48C6-1ACD-3161-72C7D63329CA" name="PK_AM_ART_TIPO_FONE">
<createdBy>rm76989</createdBy>
<createdTime>2016-09-01 10:03:42 UTC</createdTime>
<generatorID>BE6FEF66-19B3-D547-8973-94704BC8FFD2</generatorID>
<ownerDesignName>Nac Rita</ownerDesignName>
<pk>true</pk>
<indexState>Primary Constraint</indexState>
<isSurrogateKey>false</isSurrogateKey>
<indexColumnUsage>
<colUsage columnID="BCF529D2-88C4-8612-5BCD-11056EBD42EF"/>
</indexColumnUsage>
</ind_PK_UK>
<ind_PK_UK id="21BB5328-A953-AA9A-2654-F8FADD37883E" name="UN_AM_ART_TIPO_FONE">
<createdBy>rm76989</createdBy>
<createdTime>2016-09-02 10:42:51 UTC</createdTime>
<ownerDesignName>Nac Rita</ownerDesignName>
<indexState>Unique Constraint</indexState>
<isSurrogateKey>false</isSurrogateKey>
<indexColumnUsage>
<colUsage columnID="93B2DC24-F176-2D07-DB98-B283ADABB206"/>
</indexColumnUsage>
</ind_PK_UK>
</indexes>
</Table>