<?xml version = '1.0' encoding = 'UTF-8'?>
<Table class="oracle.dbtools.crest.model.design.relational.Table" directorySegmentName="seg_0" id="B18BE6A8-616B-067B-2499-1A998927DADA" name="T_AM_ART_HIST_TAXA">
<createdBy>rm76989</createdBy>
<createdTime>2016-09-01 10:03:42 UTC</createdTime>
<generatorID>43CCEAA9-F5F9-77B9-AEE0-DABFEAEF59DD</generatorID>
<ownerDesignName>Nac Rita</ownerDesignName>
<ordsAlias>t_am_hist_taxa</ordsAlias>
<allowColumnReorder>false</allowColumnReorder>
<existDependencyGenerateInDDl>true</existDependencyGenerateInDDl>
<parsed>true</parsed>
<columns itemClass="oracle.dbtools.crest.model.design.relational.Column">
<Column name="cd_taxa" id="7B78950D-8D0D-90E2-B0B7-779AA8B06710">
<createdBy>rm76989</createdBy>
<createdTime>2016-09-01 10:03:42 UTC</createdTime>
<generatorID>B6AB47A8-3DB4-DF4D-EAB9-6E7E9BCED554</generatorID>
<ownerDesignName>Nac Rita</ownerDesignName>
<useDomainConstraints>false</useDomainConstraints>
<use>1</use>
<logicalDatatype>LOGDT019</logicalDatatype>
<dataTypePrecision>4</dataTypePrecision>
<ownDataTypeParameters>,4,</ownDataTypeParameters>
<autoIncrementCycle>false</autoIncrementCycle>
</Column>
<Column name="dt_vigencia" id="B5B1EF84-4C93-E4F9-6D15-F186F91E84CE">
<createdBy>rm76989</createdBy>
<createdTime>2016-09-01 10:03:42 UTC</createdTime>
<generatorID>C8DC0609-4772-17D3-1436-F93B558AB54F</generatorID>
<ownerDesignName>Nac Rita</ownerDesignName>
<useDomainConstraints>false</useDomainConstraints>
<use>1</use>
<logicalDatatype>LOGDT007</logicalDatatype>
<ownDataTypeParameters>,,</ownDataTypeParameters>
<autoIncrementCycle>false</autoIncrementCycle>
</Column>
<Column name="vl_taxa_adm" id="A2006CF0-644E-A910-6BA5-4BB01DC8EE4D">
<createdBy>rm76989</createdBy>
<createdTime>2016-09-01 10:03:42 UTC</createdTime>
<generatorID>44F79F4B-EE70-5B77-7689-67805357A8D9</generatorID>
<ownerDesignName>Nac Rita</ownerDesignName>
<useDomainConstraints>false</useDomainConstraints>
<use>1</use>
<logicalDatatype>LOGDT019</logicalDatatype>
<dataTypePrecision>8</dataTypePrecision>
<dataTypeScale>2</dataTypeScale>
<ownDataTypeParameters>,8,2</ownDataTypeParameters>
<autoIncrementCycle>false</autoIncrementCycle>
</Column>
<Column name="vl_taxa_juros" id="EB673636-0E82-5190-0863-AA0E2629BB70">
<createdBy>rm76989</createdBy>
<createdTime>2016-09-01 10:03:42 UTC</createdTime>
<generatorID>C9D474E4-512F-0DF4-27F0-CEC8F628980F</generatorID>
<ownerDesignName>Nac Rita</ownerDesignName>
<useDomainConstraints>false</useDomainConstraints>
<use>1</use>
<logicalDatatype>LOGDT019</logicalDatatype>
<dataTypePrecision>5</dataTypePrecision>
<dataTypeScale>2</dataTypeScale>
<ownDataTypeParameters>,5,2</ownDataTypeParameters>
<autoIncrementCycle>false</autoIncrementCycle>
</Column>
<Column name="vl_mora_diaria" id="E51071B2-CCF1-6295-638C-24232DCFE864">
<createdBy>rm76989</createdBy>
<createdTime>2016-09-01 10:03:42 UTC</createdTime>
<generatorID>431EF29C-9EE2-5DB0-FDB5-AB02AB9B280A</generatorID>
<ownerDesignName>Nac Rita</ownerDesignName>
<useDomainConstraints>false</useDomainConstraints>
<use>1</use>
<logicalDatatype>LOGDT019</logicalDatatype>
<dataTypePrecision>4</dataTypePrecision>
<dataTypeScale>2</dataTypeScale>
<ownDataTypeParameters>,4,2</ownDataTypeParameters>
<autoIncrementCycle>false</autoIncrementCycle>
</Column>
</columns>
<indexes itemClass="oracle.dbtools.crest.model.design.relational.Index">
<ind_PK_UK id="1E2DBE82-8102-217C-6F1A-A8387A8F8F16" name="PK_AM_ART_HIST_TAXA">
<createdBy>rm76989</createdBy>
<createdTime>2016-09-01 10:03:42 UTC</createdTime>
<generatorID>E9A57E1E-0B7B-681E-D7B6-8F4633E1BDC8</generatorID>
<ownerDesignName>Nac Rita</ownerDesignName>
<pk>true</pk>
<indexState>Primary Constraint</indexState>
<isSurrogateKey>false</isSurrogateKey>
<indexColumnUsage>
<colUsage columnID="7B78950D-8D0D-90E2-B0B7-779AA8B06710"/>
</indexColumnUsage>
</ind_PK_UK>
</indexes>
<tableCheckConstraints itemClass="oracle.dbtools.crest.model.design.constraint.TableLevelConstraint">
<tableCheckConstraint name="CK_AM_ART_HIST_TAXA_ADM" directorySegmentName="seg_0" id="2E9F8810-5501-7E35-1EBB-9060B4848873">
<createdBy>rm76989</createdBy>
<createdTime>2016-09-02 10:24:54 UTC</createdTime>
<ownerDesignName>Nac Rita</ownerDesignName>
<rule>VL_TAXA_ADM&gt;0</rule>
</tableCheckConstraint>
<tableCheckConstraint name="CK_AM_ART_HIST_TAXA_JUROS" directorySegmentName="seg_0" id="96E47E29-F53A-0402-2E0E-C6E5F78A3375">
<createdBy>rm76989</createdBy>
<createdTime>2016-09-02 10:25:35 UTC</createdTime>
<ownerDesignName>Nac Rita</ownerDesignName>
<rule>VL_TAXA_JUROS &gt;0</rule>
</tableCheckConstraint>
<tableCheckConstraint name="CK_AM_ART_HIST_TAXA_MORA" directorySegmentName="seg_0" id="B188CCBC-7049-8BBA-152F-798CF97E8E21">
<createdBy>rm76989</createdBy>
<createdTime>2016-09-02 10:26:03 UTC</createdTime>
<ownerDesignName>Nac Rita</ownerDesignName>
<rule>VL_MORA_DIARIA &gt;0</rule>
</tableCheckConstraint>
</tableCheckConstraints>
</Table>