<?xml version = '1.0' encoding = 'UTF-8'?>
<Table class="oracle.dbtools.crest.model.design.relational.Table" directorySegmentName="seg_0" id="FDA7F509-CC5A-CC19-FB93-1828B51245B9" name="T_AM_ART_BAIRRO">
<createdBy>rm76989</createdBy>
<createdTime>2016-09-01 10:03:42 UTC</createdTime>
<generatorID>FCB32049-40B7-2289-9052-4A420BBBAA78</generatorID>
<ownerDesignName>Nac Rita</ownerDesignName>
<ordsAlias>t_am_bairro</ordsAlias>
<allowColumnReorder>false</allowColumnReorder>
<existDependencyGenerateInDDl>true</existDependencyGenerateInDDl>
<parsed>true</parsed>
<columns itemClass="oracle.dbtools.crest.model.design.relational.Column">
<Column name="cd_bairro" id="0EFD0191-8DBA-F58B-6024-843E8EA8711D">
<createdBy>rm76989</createdBy>
<createdTime>2016-09-01 10:03:42 UTC</createdTime>
<generatorID>513EE79C-E926-0D71-21DE-6ECF16410F0B</generatorID>
<ownerDesignName>Nac Rita</ownerDesignName>
<useDomainConstraints>false</useDomainConstraints>
<use>1</use>
<logicalDatatype>LOGDT019</logicalDatatype>
<dataTypePrecision>6</dataTypePrecision>
<ownDataTypeParameters>,6,</ownDataTypeParameters>
<autoIncrementCycle>false</autoIncrementCycle>
</Column>
<Column name="cd_cidade" id="3CB5F117-F23F-590D-5991-4CFF34FBC436">
<createdBy>rm76989</createdBy>
<createdTime>2016-09-01 10:03:42 UTC</createdTime>
<generatorID>D540F145-5438-E35B-E51D-595472120FCD</generatorID>
<ownerDesignName>Nac Rita</ownerDesignName>
<useDomainConstraints>false</useDomainConstraints>
<use>1</use>
<logicalDatatype>LOGDT019</logicalDatatype>
<dataTypePrecision>4</dataTypePrecision>
<ownDataTypeParameters>,,</ownDataTypeParameters>
<previousColumn>false</previousColumn>
<autoIncrementCycle>false</autoIncrementCycle>
<associations>
<colAssociation fkAssociation="B7A93B54-48C8-9A35-AD0E-6F2370223A9A" referredColumn="F4B94D91-A2FE-3CB5-25A7-CCC5A63B0183"/>
</associations>
</Column>
<Column name="nm_bairro" id="0205DDE7-A935-7291-ED1D-EE18C5FFC1B6">
<createdBy>rm76989</createdBy>
<createdTime>2016-09-01 10:03:42 UTC</createdTime>
<generatorID>96CBF9AD-55D1-10DA-BDAD-D0BC16811D7A</generatorID>
<ownerDesignName>Nac Rita</ownerDesignName>
<useDomainConstraints>false</useDomainConstraints>
<use>1</use>
<logicalDatatype>LOGDT024</logicalDatatype>
<dataTypeSize>20</dataTypeSize>
<ownDataTypeParameters>20,,</ownDataTypeParameters>
<autoIncrementCycle>false</autoIncrementCycle>
</Column>
</columns>
<indexes itemClass="oracle.dbtools.crest.model.design.relational.Index">
<ind_PK_UK id="68E3441B-E22B-D674-7B74-6FC5DFD72E33" name="PK_AM_ART_BAIRRO">
<createdBy>rm76989</createdBy>
<createdTime>2016-09-01 10:03:42 UTC</createdTime>
<generatorID>827F140D-5CFC-CE4F-B18C-6E9EFC5E7FA6</generatorID>
<ownerDesignName>Nac Rita</ownerDesignName>
<pk>true</pk>
<indexState>Primary Constraint</indexState>
<isSurrogateKey>false</isSurrogateKey>
<indexColumnUsage>
<colUsage columnID="0EFD0191-8DBA-F58B-6024-843E8EA8711D"/>
</indexColumnUsage>
</ind_PK_UK>
<ind_PK_UK id="A37C3389-5563-466D-9E2D-18830B1534A3" name="FK_AM_ART_CIDADE">
<createdBy>rm76989</createdBy>
<createdTime>2016-09-01 10:03:43 UTC</createdTime>
<generatorID>B43032DD-CD3B-211C-EEBE-CAABC0A31B95</generatorID>
<ownerDesignName>Nac Rita</ownerDesignName>
<indexState>Foreign Key</indexState>
<isSurrogateKey>false</isSurrogateKey>
<indexColumnUsage>
<colUsage columnID="3CB5F117-F23F-590D-5991-4CFF34FBC436"/>
</indexColumnUsage>
</ind_PK_UK>
</indexes>
</Table>